name,instagram name,Category_1,followers,country,Eng. (Auth.),Eng. (Avg.)
leomessi,Leo Messi,Sports with a ball,409.8M,Argentina,17.8M,23.4M
cristiano,Cristiano Ronaldo,Sports with a ball,523M,India,11.7M,14.7M
neymarjr,NJ ğŸ‡§ğŸ‡·,Sports with a ball,198.9M,Brazil,6.7M,9.5M
kyliejenner,Kylie ğŸ¤,Fashion,376.3M,United States,2.7M,4.3M
kendalljenner,Kendall,Modeling,268M,United States,3.2M,5M
arianagrande,Ariana Grande,Music,345.9M,United States,2.5M,3.4M
selenagomez,Selena Gomez,Photography,365.4M,United States,2.2M,2.9M
kimkardashian,Kim Kardashian,Fashion,337.4M,United States,1.8M,2.6M
k.mbappe,Kylian MbappeÌ,Sports with a ball,90.4M,France,6M,8.4M
taylorswift,Taylor Swift,Music,236.5M,Brazil,2.3M,3M
thv,V,Music,53.8M,South Korea,12M,12M
virat.kohli,Virat Kohli,Sports with a ball,228.8M,India,2.5M,2.8M
lalalalisa_m,LISA,Music,85.7M,Indonesia,5.6M,6.4M
kourtneykardash,Kourtney Kardashian Barker,Lifestyle,205.6M,United States,1.4M,2M
billieeilish,BILLIE EILISH,Music,107.5M,United States,2.9M,3.8M
agustd,SUGA of BTS ë¯¼ìœ¤ê¸°,Lifestyle,41.4M,,9.5M,9.5M
justinbieber,Justin Bieber,Music,270M,Brazil,1M,1.4M
jennierubyjane,J,Music,72.3M,Indonesia,4.4M,5.2M
therock,Dwayne Johnson,Fitness & Gym,355.2M,India,761.2K,976.3K
iamcardib,Cardi B,Music,144.9M,United States,1.6M,2.3M
karolg,KAROL G,Music,58M,Mexico,4.3M,5.2M
jin,Jin of BTS,Music,42.2M,United States,6.6M,6.6M
instagram,Instagram,Photography,579.8M,India,375.1K,466.4K
mileycyrus,Miley Cyrus,Music,189.8M,United States,998.2K,1.3M
uarmyhope,jhope,Art/Artists,42.4M,South Korea,5.9M,5.9M
badbunnypr,,Music,44.5M,United States,3.6M,5.7M
sooyaaa__,JISOOğŸ¤,Music,66.7M,Indonesia,3.3M,3.8M
bts.bighitofficial,BTS official,Music,69.6M,Indonesia,2.9M,3.3M
khaby00,Khaby Lame,Sports with a ball,80.3M,India,2M,2.7M
aliaabhatt,Alia Bhatt ğŸ’›,Cinema & Actors/actresses,73.5M,India,2.2M,2.7M
rkive,RM,Lifestyle,40.4M,Ethiopia,4.6M,4.6M
milliebobbybrown,Millie Bobby Brown,Cinema & Actors/actresses,60.5M,Brazil,2.4M,3M
jlo,Jennifer Lopez,Music,229.3M,United States,571.7K,725.2K
travisscott,flame,Music,47.6M,United States,2.1M,3.1M
harrystyles,,Music,47.9M,United States,2.2M,3M
kingjames,ğŸ‘‘,Sports with a ball,139.4M,United States,643.4K,1M
karimbenzema,Karim Benzema,Sports with a ball,63.2M,France,1.5M,2.2M
champagnepapi,champagnepapi,Music,126.3M,United States,587K,998.8K
dualipa,DUA LIPA,Music,87.6M,United States,1.1M,1.4M
anushkasharma,AnushkaSharma1588,Cinema & Actors/actresses,61.7M,India,1.8M,2M
dlwlrma,á„‹á…µá„Œá…µá„€á…³á†· IU,Art/Artists,28.4M,South Korea,3.5M,4.2M
jennaortega,Jenna Ortega,Cinema & Actors/actresses,23.8M,United States,3.5M,4.9M
eunwo.o_c,ì°¨ì€ìš°,Music,31.6M,Indonesia,3.1M,3.6M
noahschnapp,Noah Schnapp,Cinema & Actors/actresses,27.4M,Brazil,3.2M,4.1M
antonelaroccuzzo,Antonela Roccuzzo,Modeling,23.7M,Argentina,2.8M,4.6M
narendramodi,Narendra Modi,Finance & Economics,71.3M,India,1.3M,1.5M
georginagio,Georgina RodriÌguez,Lifestyle,40.4M,India,1.8M,2.5M
oliviarodrigo,Olivia Rodrigo,Music,28.9M,United States,2.8M,3.5M
nasa,NASA,Science,86M,India,931.9K,1.1M
realmadrid,Real Madrid C.F.,Sports with a ball,129.4M,Spain,516.6K,720.5K
virginia,Virginia Fonseca Costa,Shows,41.6M,Brazil,1.4M,2.2M
actorleeminho,á„‹á…µá„†á…µá†«á„’á…© leeminho,Cinema & Actors/actresses,31.5M,Indonesia,2.3M,2.9M
paulodybala,Paulo Dybala,Sports with a ball,51M,Argentina,1.1M,1.8M
adele,Adele,Music,51M,United States,1.3M,1.8M
haileybieber,Hailey Rhode Baldwin Bieber,Lifestyle,49.6M,United States,1.3M,1.7M
gigihadid,Gigi Hadid,Modeling,76.4M,United States,752.1K,1.1M
jongsuk0206,ì´ì¢…ì„,Cinema & Actors/actresses,24.6M,Indonesia,2.5M,3.2M
sadiesink_,Sadie Sink,Modeling,25.4M,Brazil,2.2M,3.1M
shraddhakapoor,Shraddha âœ¶,Cinema & Actors/actresses,76.9M,India,851.7K,989.1K
gal_gadot,Gal Gadot,Cinema & Actors/actresses,92.3M,United States,629K,813.1K
vinijr,Vinicius Jr. âš¡ï¸ğŸ‡§ğŸ‡·,Sports with a ball,28.1M,Brazil,1.5M,2.6M
bellahadid,Bella ğŸ¦‹,Modeling,56.6M,United States,799.4K,1.3M
katrinakaif,Katrina Kaif,Beauty,69.3M,India,882.2K,1M
richarlison,Richarlison,Sports with a ball,20.1M,Brazil,1.9M,3.5M
real__pcy,EXO_CY,Music,23.9M,Indonesia,2.4M,3M
luisitocomunica,Luisillo El Pillo,Humor & Fun & Happiness,32.9M,Mexico,1.6M,2.1M
shakira,Shakira,Music,77.9M,United States,647.1K,884.1K
theweeknd,The Weeknd,Music,46.5M,United States,1.1M,1.4M
fcbarcelona,FC Barcelona,Sports with a ball,114.8M,Indonesia,414.9K,584.5K
blakelively,Blake Lively,Cinema & Actors/actresses,37M,United States,1.2M,1.8M
iamsrk,Shah Rukh Khan,Cinema & Actors/actresses,33.5M,India,1.6M,2M
rashmika_mandanna,Rashmika Mandanna,Beauty,35.6M,India,1.5M,1.8M
ddlovato,Demi Lovato,Music,144.2M,United States,335.9K,434K
mosalah,Mohamed Salah,Sports with a ball,55M,Indonesia,760.8K,1.1M
jenniferaniston,Jennifer Aniston,Cinema & Actors/actresses,41.1M,Brazil,1M,1.5M
danbilzerian,Dan Bilzerian,Cinema & Actors/actresses,33.6M,India,1.1M,1.8M
handemiyy,Hande ErcÌ§el,Cinema & Actors/actresses,29.2M,Turkey,1.5M,2M
meganfox,Megan Fox,Cinema & Actors/actresses,20.8M,United States,1.6M,2.7M
madisonbeer,Madison Beer,Music,34M,United States,1.2M,1.6M
dovecameron,DOVE,Cinema & Actors/actresses,48.4M,United States,861.4K,1.1M
akshaykumar,Akshay Kumar,Cinema & Actors/actresses,63.6M,India,721K,856.2K
blackpinkofficial,BLÎ›Æ†KPIĞ˜K,Music,51.4M,Indonesia,861.7K,1.1M
lilireinhart,Lili Reinhart,Cinema & Actors/actresses,28.4M,Brazil,1.2M,1.8M
chrisbrownofficial,BROWN,Music,127.3M,United States,264.1K,414.2K
championsleague,UEFA Champions League,Sports with a ball,101.1M,Brazil,371.3K,505.9K
bn_sj2013,á„‡á…¡á†¨á„‰á…¥á„Œá…®á†«,Cinema & Actors/actresses,23.1M,Indonesia,1.9M,2.2M
jairmessiasbolsonaro,Jair M. Bolsonaro,Finance & Economics,25.7M,Brazil,1.5M,2.1M
davidbeckham,David Beckham,Family,76.4M,India,497.3K,664.6K
priyankachopra,Priyanka,Cinema & Actors/actresses,84.1M,India,541.8K,607.9K
niallhoran,Niall Horan,Music,30.9M,United States,1.1M,1.6M
chrishemsworth,Chris Hemsworth,Cinema & Actors/actresses,56.1M,India,687.3K,885.4K
deepikapadukone,Deepika Padukone,Cinema & Actors/actresses,70.5M,India,527.2K,688.1K
lelepons,Lele Pons,Music,50.3M,Mexico,615.6K,958.7K
vindiesel,Vin Diesel,Cinema & Actors/actresses,84.8M,Brazil,433K,558.8K
tchalamet,TimotheÌe Chalamet,Cinema & Actors/actresses,18.1M,United States,1.6M,2.6M
robertdowneyjr,Robert Downey Jr.,Cinema & Actors/actresses,53.9M,India,687.8K,861.1K
dishapatani,disha patani (paatni) ğŸ¦‹,Cinema & Actors/actresses,55.5M,India,674.2K,830.3K
ester_exposito,Ester ğŸŒ™,Cinema & Actors/actresses,28.5M,Mexico,1.1M,1.6M
zacefron,Zac Efron,Cinema & Actors/actresses,56.6M,United States,542.4K,786.1K
charlidamelio,charli,Lifestyle,48.7M,United States,786.6K,908.7K
angeldimariajm,AÌngel Di MariÌa,Sports with a ball,23.2M,Argentina,1.3M,1.9M
iamzlatanibrahimovic,Zlatan IbrahimoviÄ‡,Sports with a ball,57.1M,Italy,481.7K,760.9K
luissuarez9,Luis SuÃ¡rez,Sports with a ball,45.5M,Brazil,614.5K,949.3K
michaelbjordan,Michael B. Jordan,Cinema & Actors/actresses,19.3M,United States,1.5M,2.2M
yawnzzn,YEONJUN,,11.7M,India,2.8M,3.6M
oohsehun,SEHUN,Music,23.3M,Indonesia,1.4M,1.7M
6ix9ine,,Music,21.6M,United States,1.1M,1.9M
433,433,Sports with a ball,58.2M,Spain,404.8K,672.1K
jasonstatham,Jason Statham,Cinema & Actors/actresses,31.8M,India,845.8K,1.2M
lewishamilton,Lewis Hamilton,Racing Sports,31M,Brazil,833.1K,1.2M
jacquelinef143,Jacqueline Fernandez,Cinema & Actors/actresses,64.4M,India,472.1K,574.9K
_jeongjaehyun,Jaehyun,,13.1M,Indonesia,2.3M,2.8M
hardikpandya93,Hardik Himanshu Pandya,Sports with a ball,24.4M,India,1.2M,1.4M
chrisevans,Chris Evans,Cinema & Actors/actresses,18.3M,United States,1.6M,1.9M
kimberly.loaiza,KIM LOAIZA ğŸ–¤,Clothing & Outfits,36.6M,Mexico,797.9K,963.1K
achrafhakimi,Achraf Hakimi,Sports with a ball,14.4M,Morocco,1.7M,2.5M
realstraykids,Stray Kids,Music,23.6M,Indonesia,1.2M,1.5M
_rl9,Robert Lewandowski,Sports with a ball,31.7M,Poland,889.4K,1.1M
theestallion,Megan Thee Stallion,Music,30.1M,United States,660.2K,1.2M
rohitsharma45,Rohit Sharma,Sports with a ball,26.1M,India,1.2M,1.3M
maluma,MALUMA,Music,62.9M,Italy,353.9K,544.6K
marcelotwelve,Marcelo Vieira,Sports with a ball,60.3M,Spain,367.5K,546.2K
jichangwook,ì§€ì°½ìš±,Cinema & Actors/actresses,22.5M,Indonesia,1.2M,1.5M
katyperry,KATY PERRY,Music,184.6M,Brazil,135.8K,175.2K
henrycavill,Henry Cavill,Cinema & Actors/actresses,23.2M,Brazil,1.1M,1.4M
lucyhale,Lucy Hale,Cinema & Actors/actresses,24.6M,United States,984.1K,1.3M
tyga,T-Raww,Music,37.7M,United States,565.2K,845K
pewdiepie,PewDiePie,Computers & Gadgets,21.7M,United States,1.2M,1.5M
hi_high_hiy,á„’á…ªá†¼á„‹á…µá†«á„‹á…§á†¸,Cinema & Actors/actresses,15.1M,South Korea,1.7M,2M
rodridepaul,Rodrigo De Paul,Sports with a ball,10.6M,Argentina,1.6M,2.9M
sergioramos,Sergio Ramos,Sports with a ball,54.5M,Spain,389.4K,561.1K
rohittt_09_,ğ‘ğ¨ğ¡ğ¢ğ­ ğ™ğ¢ğ§ğ£ğ®ğ«ğ¤ğ ~ ğ«ğğšğœğ­ğ¢ğ¨ğ§ğ›ğ¨ğ¢ ğŸ’«,Shows,24.8M,India,880.4K,1.2M
kritisanon,Kriti,Modeling,51.9M,India,504.2K,587.7K
finnwolfhardofficial,Finn Wolfhard,Music,25.9M,Brazil,884.6K,1.2M
hrithikroshan,Hrithik Roshan,Cinema & Actors/actresses,44.6M,India,528.3K,667.7K
beingsalmankhan,Salman Khan,Cinema & Actors/actresses,56.1M,India,415K,529.8K
sidhu_moosewala,Sidhu Moosewala (à¨®à©‚à¨¸à©‡ à¨†à¨²à¨¾),Lifestyle,11.7M,India,2.2M,2.6M
saraalikhan95,Sara Ali Khan,Cinema & Actors/actresses,41.4M,India,582.6K,710.7K
bizarrap,BZRP,Music,15.7M,Argentina,1.5M,1.9M
sza,SZA,Music,13.8M,United States,1.3M,2.1M
hi_songjoongki,á„‰á…©á†¼á„Œá…®á†¼á„€á…µ songjoongki official,Cinema & Actors/actresses,10.4M,Indonesia,1.9M,2.8M
miakhalifa,Mia K.,Fitness & Gym,27.7M,India,652K,1M
mrbeast,MrBeast,Shows,21.7M,United States,974.4K,1.3M
cznburak,Burak OÌˆzdemir,Food & Cooking,42.3M,Turkey,499.5K,676.7K
songkang_b,á„‰á…©á†¼á„€á…¡á†¼,,15M,Mexico,1.4M,1.9M
eumirellasantos,Mirella Santos,Modeling,12.2M,Brazil,1.2M,2.4M
juliaanalvarez,JuliaÌn AlvarezğŸ•·,Sports with a ball,9.1M,Argentina,1.7M,3.2M
nehakakkar,Neha Kakkar (Mrs. Singh),Music,73M,India,330.8K,386K
lukamodric10,Luka Modric,Sports with a ball,26.9M,Spain,712.9K,1M
natgeo,National Geographic,Nature & landscapes,250.3M,United States,88.2K,112.3K
juliaanalvarez,JuliaÌn AlvarezğŸ•·,Sports with a ball,9M,Argentina,1.7M,3.2M
rosalia.vt,LA ROSALIÌA,Music,23.1M,Spain,914.8K,1.2M
thedeverakonda,Vijay Deverakonda,Cinema & Actors/actresses,17.7M,India,1.4M,1.6M
melissamelmaia,MEL MAIA ğŸ¯,Music,16.4M,Brazil,915.8K,1.7M
jacksonwang852g7,Jackson Wang,Music,30.8M,China,741.1K,884.3K
jannatzubair29,Jannat Zubair Rahmani,Cinema & Actors/actresses,45.2M,India,519.6K,599.4K
emi_martinez26,Emi Martinez,Lifestyle,10.1M,United Kingdom,1.8M,2.7M
strangerthingstv,Stranger Things Netflix,Cinema & Actors/actresses,22.2M,Brazil,903.4K,1.2M
erling.haaland,Erling Braut Haaland,Lifestyle,21.6M,Brazil,820.8K,1.2M
carlinhosmaiaof,Carlinhos MaiağŸŒ»,Lifestyle,26.4M,Brazil,552.1K,1M
emmawatson,Emma Watson,Literature & Journalism,68.8M,United States,279K,379.6K
camila_cabello,camila,Music,65.8M,Brazil,326.1K,392.6K
lanarhoades,Lana Rhoades,Lifestyle,16.6M,United States,943K,1.5M
eminem,Marshall Mathers,Cinema & Actors/actresses,37.5M,United States,514K,679.2K
na.jaemin0813,JAEMIN,,10.7M,Indonesia,1.9M,2.4M
addisonraee,Addison Rae,Beauty,39.5M,United States,434.9K,637.9K
luvadepedreiro,Iran Ferreira,Family,20.1M,Brazil,754.5K,1.3M
dojacat,Doja Cat,Music,25M,United States,738.3K,1M
emilia_clarke,,Cinema & Actors/actresses,27.1M,India,726.4K,922.6K
pablogavi,GAVI,Sports with a ball,12M,Spain,1.4M,2.1M
tinistoessel,LaTripleT,Music,19.6M,Argentina,950.4K,1.3M
viihtube,Viih Tube,Cinema & Actors/actresses,25.6M,Brazil,502.5K,947.8K
ursulolita,UÌrsula CorberoÌ âœ¨,Cinema & Actors/actresses,23M,Brazil,707.1K,1M
skuukzky,á„‰á…®á†½á„‹á…µ  ğŸ’„ğŸ’…ğŸ‘¡ğŸ‘ ğŸ€ğŸ‘™ğŸŒ‚ğŸ‘—ğŸŒ‚ğŸ€ğŸ’‹ğŸ’Œ,Clothing & Outfits,18.1M,Indonesia,1.1M,1.3M
banksy,Banksy,Art/Artists,11.9M,United States,1.5M,2M
sydney_sweeney,Sydney Sweeney,Lifestyle,14.5M,United States,860.5K,1.6M
hazardeden_10,Eden Hazard,Sports with a ball,27.2M,Indonesia,529.1K,865.3K
imhyoseop,ì•ˆíš¨ì„­,Lifestyle,9.7M,Indonesia,2.1M,2.4M
stephencurry30,Wardell Curry,Sports with a ball,47.8M,United States,380.8K,477.2K
kapilsharma,Kapil Sharma,Cinema & Actors/actresses,43.8M,India,456.9K,520.7K
seonho__kim,á„€á…µá†·á„‰á…¥á†«á„’á…©,,8.4M,Indonesia,2.2M,2.8M
leedongwook_official,ì´ë™ìš± (Official_Instagram),Cinema & Actors/actresses,15.1M,Indonesia,1.1M,1.5M
anitta,Anitta ğŸ¤,Music,63.5M,Brazil,182.3K,340.1K
paulpogba,Paul Labile Pogba,Sports with a ball,56M,United Kingdom,218K,378.4K
samantharuthprabhuoffl,Samantha,Beauty,24.3M,India,727.1K,871K
carryminati,ğ‘¨ğ’‹ğ’†ğ’š ğ‘µğ’‚ğ’ˆğ’‚ğ’“,Computers & Gadgets,16.5M,India,1.1M,1.3M
loganpaul,Logan Paul,Fitness & Gym,24.6M,United States,644.8K,860.3K
alluarjunonline,Allu Arjun,Cinema & Actors/actresses,19.8M,India,912.3K,1.1M
zkdlin,KAI,Music,14.2M,Indonesia,1.2M,1.5M
psg,Paris Saint-Germain,Sports with a ball,64.4M,Brazil,180.4K,322.8K
alidaei,Ali Daei,Sports with a ball,11.3M,Iran,1.1M,1.9M
madelame,Madelaine Petsch,Cinema & Actors/actresses,25.4M,Russia,584.2K,817.4K
lizgillz,Elizabeth Gillies,Music,14.2M,Mexico,994.1K,1.4M
aliiiiiiiikarimi8,Ali Karimi,Sports with a ball,14.4M,Iran,952.8K,1.4M
sabrinacarpenter,Sabrina Carpenter,Music,28.1M,Brazil,584.8K,717.6K
juliette,Juliette,Cinema & Actors/actresses,32.5M,Brazil,368.8K,622.2K
bbrightvc,bright,Cinema & Actors/actresses,16.8M,Indonesia,996.2K,1.2M
momo,ëª¨ëª¨ (MOMO),Lifestyle,9.3M,Turkey,1.5M,2.2M
liluzivert,Lil Uzi Vert,Music,16.9M,United States,632.2K,1.2M
offsetyrn,OFFSET,Music,20.8M,United States,526.9K,944.5K
offsetyrn,OFFSET,Music,20.8M,United States,526.9K,944.5K
willsmith,Will Smith,Cinema & Actors/actresses,62.6M,United States,256.9K,313.3K
kunaguero,Sergio Leonel AguÌˆero,Sports with a ball,25.8M,Argentina,433.7K,751K
domelipa,domelipa,Lifestyle,20.7M,Mexico,761.2K,927.6K
iambeckyg,Becky G,Music,34.6M,United States,433K,548.5K
anushkasen0408,Anushka Sen,Cinema & Actors/actresses,39M,India,417.7K,487.7K
awez_darbar,Awez Darbar,Shows,26.4M,India,596.4K,714.7K
emmachamberlain,emma chamberlain,Lifestyle,16.2M,United States,751.4K,1.2M
juanpazurita,Juanpa Zurita,Cinema & Actors/actresses,31.3M,Mexico,417.7K,594.5K
mclomaofficial,Paloma Santos ğŸŸ,Music,12.3M,Brazil,886.9K,1.5M
bambam1a,BamBam,Music,17.1M,Brazil,864.6K,1.1M
lilbaby,,Music,21.2M,United States,473.8K,873.1K
vancityreynolds,Ryan Reynolds,Cinema & Actors/actresses,47.1M,United States,292K,384.3K
nike,Nike,Fitness & Gym,252.3M,United States,56.1K,72.8K
renebaebae,IRENE,Lifestyle,10.9M,Indonesia,1.4M,1.7M
do0_nct,Doyoung,Lifestyle,10.8M,Indonesia,1.3M,1.6M
maisa,#NAME?,Music,45.8M,Brazil,284K,386.4K
jamesrodriguez10,James RodriÌguez,Sports with a ball,50.2M,Colombia,235.2K,348.7K
urvashirautela,Urvashi Rautela,Cinema & Actors/actresses,60.3M,India,246.6K,291K
enhypen,ENHYPEN,Lifestyle,11.3M,Indonesia,1.3M,1.6M
shahidkapoor,Shahid Kapoor,Cinema & Actors/actresses,37M,India,416.3K,471.7K
onyourm__ark,Mark,Lifestyle,9.9M,Indonesia,1.4M,1.8M
ronaldo,Ronaldo,Sports with a ball,26.3M,Brazil,401.6K,661.7K
nayeonyny,ë‚˜ì—° (NAYEON),Lifestyle,9.2M,Brazil,1.6M,1.9M
emrata,Emily Ratajkowski,Modeling,29.7M,United States,355.6K,567.8K
brunamarquezine,Bruna Marquezine,Cinema & Actors/actresses,43.6M,Brazil,223.9K,386.9K
camimendes,camila mendes,Cinema & Actors/actresses,27.2M,Brazil,443.4K,614.6K
iansomerhalder,iansomerhalder,Cinema & Actors/actresses,23.8M,United States,465.8K,696.2K
brunomars,Bruno Mars,Music,26.9M,Brazil,403.5K,611.5K
riaricis1795,RICIS,Lifestyle,32.7M,Indonesia,415.7K,494.3K
varundvn,VarunDhawan,Cinema & Actors/actresses,44.9M,India,293.3K,357.4K
prattprattpratt,Chris Pratt,Cinema & Actors/actresses,40.1M,United States,304K,398.1K
holyhaein,ì •í•´ì¸,Lifestyle,10.6M,Indonesia,1.2M,1.5M
larasilva,Lara Silva,Shows,17.3M,Brazil,582.7K,897.2K
m10_official,Mesut OÌˆzil,Sports with a ball,24.5M,Indonesia,474.5K,629.3K
duki,Ya Supiste,Music,11.5M,Argentina,817.6K,1.3M
iamhalsey,halsey,Music,30.9M,United States,373.1K,491.1K
cbum,Chris Bumstead,Fitness & Gym,11.8M,India,836.4K,1.3M
asaprocky,A$AP ROCKY,Music,15.2M,United States,586K,979K
aron.piper,ARONğŸŒœğŸŒ,Music,13.3M,Brazil,587.1K,1.1M
therealcalebmclaughlin,Caleb McLaughlin,Cinema & Actors/actresses,15.2M,United States,659.3K,968.4K
taeoxo_nct,TAEYONG,Lifestyle,10M,Australia,1.3M,1.5M
louispartridge_,LouisğŸ’,Cinema & Actors/actresses,9.2M,United States,1.1M,1.6M
attahalilintar,Atta Halilintar - PAPATA,Art/Artists,25.9M,Indonesia,408.9K,558.8K
haileesteinfeld,hailee steinfeld,Cinema & Actors/actresses,19.9M,United States,569.5K,723K
min9yu_k,ê¹€ë¯¼ê·œ,Music,8.1M,Indonesia,1.5M,1.8M
thinkaboutzu,ì¯”ìœ„ (TZUYU),,9M,India,1.4M,1.6M
xeesoxee,á„’á…¡á†«á„‰á…©á„’á…´,Lifestyle,10.5M,Indonesia,1M,1.4M
riyaz.14,Riyaz Aly,Lifestyle,27.3M,India,402.1K,521.2K
pubity,Pubity,Humor & Fun & Happiness,31.9M,United States,312.9K,442.9K
mariliamendoncacantora,Marilia MendoncÌ§a,Music,41.8M,Brazil,211.1K,339.2K
enzojfernandez,Enzo FernaÌndez âš½ï¸,Lifestyle,6.2M,Argentina,1.1M,2.3M
ememyers,Emma Myers,,8.5M,United States,1.1M,1.7M
hziyech,Hakim Ziyech,Sports with a ball,9M,Morocco,1.2M,1.6M
arigameplays,ARIGAMEPLAYS,Lifestyle,11.9M,Mexico,969.9K,1.2M
somsomi0309,ENNIK SOMI,Music,16.2M,Indonesia,705.2K,852.9K
samoylovaoxana,Samoylova Oxana,Family,15.4M,Russia,662K,897.6K
krisjenner,Kris Jenner,Shows,51M,United States,176.8K,269.1K
gatenm123,Gaten Matarazzo,Music,18.7M,Brazil,551.1K,727.7K
iamferv,katteyes,Lifestyle,11.4M,Mexico,812.7K,1.2M
garethbale11,Gareth Bale,Sports with a ball,48.9M,Indonesia,171.5K,278.1K
germangarmendia,GERMAN,Cinema & Actors/actresses,15.2M,Argentina,741K,895.8K
fabriziorom,Fabrizio Romano,Literature & Journalism,11.6M,Italy,672.9K,1.2M
trippieredd,555,Music,13.5M,United States,513.9K,1M
bighit_ent,BigHit Music Updates,Music,12.7M,Indonesia,855.9K,1.1M
perrieedwards,Perrie Edwards ğŸ–¤,Modeling,16.7M,Brazil,571K,806.3K
janhvikapoor,Janhvi Kapoor,Lifestyle,21M,India,535.4K,638.7K
iammichelemorroneofficial,Michele Morrone,Lifestyle,15.7M,Brazil,589.5K,844.6K
nusr_et,Nusr_et#Saltbae,Food & Cooking,49.8M,Turkey,181.5K,267K
liampayne,Liam Payne,Music,24.7M,United States,387.2K,541.6K
kendricklamar,Kendrick Lamar,Music,12.1M,United States,594.8K,1.1M
norafatehi,Nora Fatehi,Cinema & Actors/actresses,43.6M,India,245K,301.2K
postmalone,,Music,23M,United States,371.7K,568.1K
nina,Nina Dobrev,Cinema & Actors/actresses,26M,Brazil,346.6K,497.2K
soohyun_k216,á„€á…µá†·á„‰á…®á„’á…§á†« Kim Soo Hyun é‡‘ç§€è³¢,,14.1M,Indonesia,754.5K,919.4K
chaeyo.0,ì±„ì˜ (CHAEYOUNG),Lifestyle,7.6M,Philippines,1.5M,1.7M
britneyspears,Channel 8,Music,41.6M,United States,226.2K,315.9K
juandediospantoja,JD PANTOJA ğŸ‡²ğŸ‡½,Music,23.1M,Mexico,490.4K,559.3K
madelyncline,Madelyn Cline,Cinema & Actors/actresses,12.6M,United States,708.8K,1M
antogriezmann,Antoine Griezmann,Sports with a ball,38M,Spain,208.6K,336.6K
taeyeon_ss,TaeYeon,Music,18.9M,South Korea,554.5K,674.4K
keerthysureshofficial,Keerthy Suresh,Beauty,14.1M,India,824.9K,903.2K
yellow_3to3,REN JUN,Lifestyle,6.7M,Indonesia,1.7M,1.9M
m.by__sana,ì‚¬ë‚˜ (SANA),Lifestyle,8.3M,Yemen,1.3M,1.6M
marshmello,marshmello,Music,29.8M,United States,290K,418.9K
nct,NCT Official Instagram,Music,15M,Indonesia,672.9K,834.5K
keniaos,Kenia Os,Music,14.3M,Mexico,669.7K,869.6K
phil.coutinho,Philippe Coutinho,Sports with a ball,25.1M,Brazil,304.3K,494.4K
sommerray,Sommer Ray,Modeling,26.1M,United States,303.5K,475.8K
danialves,Daniel Alves,Sports with a ball,38.4M,Brazil,216.9K,322.6K
zefelipecantor,ZeÌ,Music,25.5M,Brazil,277.4K,487.8K
larissamanoela,Larissa Manoela,Cinema & Actors/actresses,47.9M,Brazil,155.7K,258.2K
rauwalejandro,RAULEETO,Music,15.6M,Spain,539.3K,779.9K
alwaysramcharan,Ram Charan,Cinema & Actors/actresses,10.8M,India,998.2K,1.1M
ishowspeed,IShowSpeed,Lifestyle,7.2M,United Kingdom,1.2M,1.7M
clean_0828,á„€á…µá†·á„‰á…¦á„Œá…¥á†¼,Lifestyle,9M,Indonesia,1.1M,1.4M
michelleobama,Michelle Obama,Finance & Economics,52M,United States,208.4K,233.8K
kevinhart4real,Kevin Hart,Cinema & Actors/actresses,160M,United States,58.3K,75.4K
bellapoarch,Bella Poarch,Lifestyle,13.6M,United States,681.9K,881.3K
ashishchanchlani,Ashish Chanchlani,Cinema & Actors/actresses,14.4M,India,676.3K,826.9K
jessicah_o,Jessi / á„Œá…¦á„‰á…µ,Music,12.9M,United States,717.8K,918.3K
paulwesley,Paul Wesley,Cinema & Actors/actresses,12.5M,Brazil,631.1K,943K
sophiet,S O P H I E T U R N E R,Cinema & Actors/actresses,14.7M,United States,594.2K,798.7K
daddyyankee,Daddy Yankee,Music,47M,Argentina,178K,247.9K
kevindebruyne,Kevin De Bruyne,Sports with a ball,19.8M,United Kingdom,376.9K,587.7K
greeicy,Greeicy,Shows,21.7M,Colombia,397.6K,533.5K
sidmalhotra,Sidharth Malhotra,Cinema & Actors/actresses,21.8M,India,427.9K,532.1K
bhuvan.bam22,Bhuvan Bam,Cinema & Actors/actresses,15.1M,India,615.4K,761.5K
johnnyjsuh,Johnny Suh,Lifestyle,9.1M,Indonesia,985.9K,1.3M
mr_faisu_07,FAISAL SHAIKH,Modeling,28.8M,India,315.8K,401.7K
heybiblee,á„‹á…µá„‰á…¥á†¼á„€á…§á†¼,Modeling,14.5M,Indonesia,582.9K,787K
mina_sr_my,ë¯¸ë‚˜ (MINA),,7.1M,Indonesia,1.4M,1.6M
josephquinn,Joseph Quinn,Cinema & Actors/actresses,8.1M,Brazil,1.2M,1.4M
m_kayoung,MUN KA YOUNG,Cinema & Actors/actresses,8.8M,Indonesia,963.5K,1.3M
nicki.nicole,,Music,13.1M,Argentina,573.1K,847.4K
xxxibgdrgn,á„€á…¯á†«á„Œá…µá„‹á…­á†¼(æ¬Šå¿—é¾),Photography,21.6M,Indonesia,399.4K,506.4K
angelrai07,Angel Rai :),Cinema & Actors/actresses,24.5M,India,371.2K,448.3K
9gag,9GAG: Go Fun The World,Humor & Fun & Happiness,58.1M,Indonesia,146.2K,187K
sonu_sood,Sonu Sood,Cinema & Actors/actresses,20.3M,India,469K,536K
sadiomaneofficiel,Sadio Mane,Sports with a ball,13M,United Kingdom,583.4K,832K
cbf_futebol,SeleÃ§Ã£o Brasileira de Futebol,Sports with a ball,15.7M,Brazil,368.7K,687.2K
itzy.all.in.us,ITZY,Music,18.1M,Indonesia,485.7K,593.7K
tigerjackieshroff,Tiger Shroff,Cinema & Actors/actresses,36.1M,India,244.6K,298K
eumarielysantos,Mariely Santos,Music,8.6M,Brazil,658.7K,1.3M
louist91,Louis Tomlinson,Music,18.4M,Brazil,423.7K,576.6K
nattinatasha,NATTI NATASHA,Music,36.1M,Mexico,244K,293K
avneetkaur_13,Avneet Kaur Official,Cinema & Actors/actresses,32.7M,India,275.4K,322.2K
jacobelordi,Jacob Elordi,Cinema & Actors/actresses,12.9M,Brazil,489.5K,806.8K
casemiro,Casemiro,Sports with a ball,19.1M,Brazil,366.5K,545.7K
aespa_official,aespa á„‹á…¦á„‰á…³á„‘á…¡,Music,9.7M,Indonesia,975.1K,1.1M
antony00,Antony Santos,Sports with a ball,9.6M,Brazil,594.3K,1.1M
_zyozyo,JIHYO,Lifestyle,7.4M,Indonesia,1.1M,1.4M
parineetichopra,ğ™¿ğšŠğš›ğš’ğš—ğšğšğšğš’ ğ™²ğš‘ğš˜ğš™ğš›ğšŠ ğŸ«§,Cinema & Actors/actresses,39.1M,India,226.7K,261.8K
kajalaggarwalofficial,Kajal A Kitchlu,Cinema & Actors/actresses,24.4M,India,342.5K,414K
hyunah_aa,Hyun Ah,Music,18.6M,South Korea,455.7K,539.9K
sachintendulkar,Sachin Tendulkar,Sports with a ball,37.5M,India,223.4K,268K
ranveersingh,Ranveer Singh,Cinema & Actors/actresses,42.5M,India,181.2K,236K
conangray,Conan Gray,Music,7.2M,United States,1M,1.4M
caviarmagnat,Anton Tregubov,Lifestyle,15.6M,Russia,444.8K,641.8K
haechanahceah,HAECHAN,,5.4M,Indonesia,1.7M,1.9M
adidasfootball,adidas Football,Sports with a ball,32.1M,Brazil,226.7K,309.1K
aurelie.hermansyah,Aurelie Hermansyah Atta,Beauty,29.7M,Indonesia,264K,333.5K
mont.pantoja,MONT,,12.6M,Mexico,661.2K,786.3K
lautaromartinez,Lautaro Javier Martinez,Sports with a ball,8.4M,Italy,765.2K,1.2M
kimjuncotton,SUHO,Lifestyle,10.5M,Indonesia,788.6K,940.2K
manurios,Manu Rios,Shows,11.1M,Mexico,522.5K,881.4K
c.syresmith,Jaden Smith,Cinema & Actors/actresses,19.4M,United States,325.3K,503.3K
anuel,â€œREAL HASTA LA MUERTEâ€,Music,30.2M,Spain,212.8K,324.1K
coldplay,Coldplay,Music,20.4M,Brazil,343.4K,478.3K
lilnasx,dumb,Music,12.3M,United States,464.3K,776.9K
hero_ft,Hero Fiennes Tiffin,Cinema & Actors/actresses,7.6M,Brazil,790.9K,1.3M
jy_piece,ì •ì—° (JEONGYEON),,6.1M,Brazil,1.3M,1.6M
charlieputh,Charlie Puth,Music,17.3M,United States,386K,547.7K
saythename_17,SEVENTEEN,Music,10.7M,Indonesia,792.8K,891.8K
realbarbarapalvin,Barbara Palvin,Modeling,18.6M,Russia,375.2K,506.4K
for_everyoung10,ì¥ì›ì˜ WONYOUNG,Lifestyle,6.5M,China,1.3M,1.5M
jakepaul,Jake Paul,Cinema & Actors/actresses,21.5M,United States,261.9K,437.7K
ibaillanos,Ibai,Art/Artists,8.3M,Spain,794.8K,1.1M
_imyour_joy,Joy,Lifestyle,14.4M,Indonesia,542.2K,648.3K
mcdanieloficiall,Mc Daniel,Family,8M,Brazil,441.3K,1.2M
fedez,FEDEZ,Music,14.5M,Italy,461.5K,642.9K
burakozcivit,Burak OÌˆzcÌ§ivit,Cinema & Actors/actresses,22.6M,Turkey,343K,415.9K
mariasbaby,Maria Alice e Maria Flor,,7.9M,Brazil,572.3K,1.2M
dannapaola,Danna Paola,Music,34.8M,Mexico,184.3K,267.3K
leoparedes20,Leandro Paredes,Sports with a ball,8.2M,Argentina,678K,1.1M
yuu_taa_1026,ä¸­æœ¬æ‚ å¤ªã€€YUTA,,8.8M,Indonesia,813.2K,1.1M
leejen_o_423,LEE JENO,,4.3M,Indonesia,1.8M,2.2M
taina,TainaÌ Costa,Music,16.3M,Brazil,269.4K,562.5K
hi_sseulgi,ìŠ¬ê¸° Seulgi,Modeling,12.7M,Indonesia,573.8K,719.1K
sunnyleone,Sunny Leone,Beauty,54.4M,India,131.8K,168.1K
yoona__lim,,Cinema & Actors/actresses,14.3M,Indonesia,531.8K,635.9K
gisele,Gisele BuÌˆndchen,Modeling,20.3M,Brazil,302K,448.4K
o.dembele7,Ousmane DembÃ©lÃ©,Sports with a ball,12.8M,Spain,413.4K,706.6K
adamweitsman,Adam Weitsman,Business & Careers,19.6M,Russia,374K,457.8K
hakkiakdenizz,hakki akdeniz,Business & Careers,28.6M,Russia,215.7K,312.7K
abdevilliers17,AB de Villiers,Sports with a ball,19.9M,India,389.5K,449.2K
felipeneto,Felipe Neto ğŸ¦‰,Lifestyle,17M,Brazil,382K,527.9K
bellathorne,BELLA,Music,25.3M,United States,209.4K,350.6K
chrissyteigen,chrissy teigen,Shows,40.1M,United States,169.4K,221.2K
hegdepooja,Pooja Hegde,Cinema & Actors/actresses,22M,India,347.7K,400.8K
tenlee_1001,TEN_+â€¢10,Music,10.2M,Indonesia,673.9K,862.7K
paulolondra,Paulo londra,Music,13.9M,Argentina,404.9K,632.7K
evaluna,Evaluna Montaner de Echeverry,Family,20.9M,Argentina,304K,418.9K
houseofhighlights,House of Highlights,Sports with a ball,38M,United States,126.1K,231K
toyajohnson,Antonia â€œToyaâ€ Johnson- Rushing,Literature & Journalism,11.6M,United States,393K,749.5K
angelinajolie,Angelina Jolie,,14.1M,Brazil,394.2K,684.3K
shehnaazgill,Shehnaaz Gill,Cinema & Actors/actresses,13.5M,India,539.5K,662.8K
chiaraferragni,Chiara Ferragni âœ¨,Beauty,28.3M,Italy,205.5K,306.1K
wow_kimsohyun,á„€á…µá†·á„‰á…©á„’á…§á†«,Music,12.5M,Indonesia,603K,693.5K
colesprouse,Cole Sprouse,Modeling,35.3M,United States,186.3K,243.5K
frenkiedejong,Frenkie de Jong,Sports with a ball,11M,Spain,557.7K,778.2K
maddieziegler,maddie,Cinema & Actors/actresses,13.8M,United States,412.3K,618.1K
raffinagita1717,Raffi Ahmad and Nagita Slavina,Shows,66.1M,Indonesia,88.3K,128.9K
mingue.k,ê¹€ë¯¼ê·œ,Lifestyle,6.6M,Indonesia,1.1M,1.3M
luisasonza,LUÃSA SONZA,Music,30.7M,Brazil,175K,277.7K
jinyoung_0922jy,ë°•ì§„ì˜,Music,10M,Indonesia,650.4K,860.6K
urstrulymahesh,Mahesh Babu,Cinema & Actors/actresses,9.4M,India,828.3K,911.5K
dahhyunnee,ë‹¤í˜„ (DAHYUN),Music,6.9M,Brazil,1.1M,1.2M
pozevidalouca,Poze Do Rodo ğŸ¤‘,Lifestyle,9.9M,Brazil,344.7K,863.5K
prillylatuconsina96,Prilly Latuconsina,Cinema & Actors/actresses,50.4M,Indonesia,117.9K,166.1K
lestykejora,Lestikejora,Music,26.9M,Indonesia,240.8K,312.5K
lomon991111,Lomon 991111,,5.9M,India,1.2M,1.4M
ananyapanday,Ananya ğŸ’›ğŸ’«,Cinema & Actors/actresses,24.1M,India,301.5K,343.9K
lucaspaqueta,Lucas PaquetaÌ,Sports with a ball,8.9M,Brazil,544.7K,936.9K
rizkybillar,Muhammad Rizky Billar,Shows,12.7M,Indonesia,509.9K,660.5K
rodrygogoes,Rodrygo Goes - RG âš¡ï¸ğŸ‡§ğŸ‡·,Lifestyle,9.7M,Brazil,567.7K,861.8K
gusein.gasanov,Ğ“Ğ£Ğ¡Ğ•Ğ˜Ì†Ğ Ğ“ĞĞ¡ĞĞĞĞ’,Shows,23.4M,Russia,236.3K,352.5K
kehlani,Kehlani,Music,14.5M,United States,361.2K,562.7K
wwiinn_7,WINWIN,,7.7M,Indonesia,928.4K,1.1M
bretmanrock,Bretman (Da Baddest) Rock,Art/Artists,18.5M,United States,258.8K,435.6K
imcryansp,GORDIN BOLOLO ğŸ«¶ğŸ½,Lifestyle,6.4M,Brazil,537.5K,1.3M
wi__wi__wi,á„‹á…±á„’á…¡á„Œá…®á†« Wi Ha Jun,Lifestyle,10.4M,South Korea,643.7K,774.9K
joeyking,Joey King,Music,18.8M,Brazil,294.8K,422K
yasmine_sabri,Yasmine Sabri,Cinema & Actors/actresses,20M,Egypt,283.7K,394.8K
gusttavolima,ğŸ› Gusttavo Lima ğŸ›,Music,43.9M,Brazil,108.5K,179.5K
ncentineo,Noah,Cinema & Actors/actresses,16.3M,Brazil,287K,477.2K
kiaraaliaadvani,KIARA,Cinema & Actors/actresses,26.2M,India,262.2K,297.5K
madhuridixitnene,Madhuri Dixit,Music,33.9M,India,199.4K,230.6K
marcusrashford,Marcus Rashford MBE,Sports with a ball,13.1M,United Kingdom,378.3K,592.9K
lizasoberano,Liza Soberano,Beauty,17.6M,Philippines,369.4K,440.3K
lilyjcollins,Lily Collins,Cinema & Actors/actresses,27.1M,Mexico,192.5K,283.3K
channingtatum,Channing Tatum,Cinema & Actors/actresses,16.9M,United States,315.2K,454.4K
amauryguichon,Amaury Guichon,Food & Cooking,10.6M,United States,596.2K,727.1K
actorprabhas,Prabhas,Shows,9.1M,India,764.5K,855.9K
maya_hawke,Maya Hawke,Cinema & Actors/actresses,10.7M,United States,512.7K,709.7K
pedri,Pedri GonzÃ¡lez,Sports with a ball,9.2M,Spain,534.4K,838.1K
jasonderulo,Jason Derulo,Music,21.3M,United States,247.6K,354.2K
judebellingham,Jude Bellingham,Lifestyle,5.2M,United Kingdom,560.5K,1.5M
thiagosilva,Thiago Silva,Sports with a ball,21.1M,Brazil,212.1K,357.3K
annehathaway,Anne Hathaway,Cinema & Actors/actresses,25.8M,United States,220.1K,290.2K
sound_of_coups,COUPS,,4.9M,Indonesia,1.2M,1.5M
pele,PeleÌ,Sports with a ball,12.3M,Brazil,387.4K,605.2K
neslihanatagul,Neslihan AtaguÌˆl DogÌ†ulu,Cinema & Actors/actresses,13.7M,Turkey,436.1K,551.1K
pugachevmark,Mark Pugachev,Cars & Motorbikes,15.6M,Russia,323.9K,476.1K
hshq,Harry Styles HQ,Music,6.9M,United States,618.4K,1.1M
cazzu,â™¡ ğ–“ğ–Šğ–“ğ–† á´›Ê€á´€á´á´˜á´€,Music,10.9M,Argentina,522.3K,669.1K
jensenackles,Jensen Ackles,Cinema & Actors/actresses,10.2M,United States,550K,714.4K
joshu_acoustic,Joshua Hong,Music,5.5M,India,1.1M,1.3M
bramastavrl,Verrell Bramasta,Cinema & Actors/actresses,25.7M,Indonesia,247.8K,281.1K
andresiniesta8,Andres Iniesta,Sports with a ball,40.7M,India,124.4K,176.8K
alexandradaddario,alexandra daddario,Cinema & Actors/actresses,22.8M,India,257.9K,315.2K
nba,NBA,Sports with a ball,73.9M,United States,59.9K,97.1K
nba_youngboy,PAIN REAL.ğŸ©¸,Art/Artists,10.7M,United States,358K,686.7K
kevinhart4real,Kevin Hart,Cinema & Actors/actresses,160.8M,United States,34.8K,45.2K
camilo,C A M I L O,Music,27.9M,Argentina,161.6K,256.6K
juandam___,JuanDa.,,5M,Colombia,1.2M,1.4M
bigsean,BIGSEAN,Music,15.8M,United States,246.3K,448.9K
hm_son7,Son HeungMin(ì†í¥ë¯¼)ğŸ‡°ğŸ‡·,Sports with a ball,10.8M,Brazil,404.7K,657.9K
kyo1122,Song hyekyo,Cinema & Actors/actresses,13.5M,Indonesia,408.7K,520.5K
polo.capalot,Polo.GğŸ,Music,10.5M,United States,407.1K,668.9K
donya,Donya,Lifestyle,15.4M,Iran,301.8K,475.2K
jheneaiko,JheneÌ Aiko Efuru Chilombo ğŸ”®,Music,16M,United States,248.1K,435.1K
marvel,Marvel Entertainment,Cinema & Actors/actresses,67.3M,India,86.5K,102.8K
zachking,Zach King,Shows,24.6M,Indonesia,182.3K,281K
arcangel,"HONOR,LEALTAD Y RESPETO.",Music,14.5M,United States,282.1K,477.3K
princeandprincessofwales,The Prince and Princess of Wales,Family,14.6M,United States,369.4K,472.6K
demetozdemir,Demet OÌˆzdemir,Cinema & Actors/actresses,15.6M,India,341.5K,435.7K
thebursin,Kerem BuÌˆrsin,Cinema & Actors/actresses,11M,Russia,486.5K,624.6K
cocielo,JuÌlio Cocielo Estaniecki,Cinema & Actors/actresses,20.2M,Brazil,213K,333.4K
centralcee,ğŸ“²,Lifestyle,5.5M,United Kingdom,513.4K,1.2M
gessicakayane,GKAY,Shows,20.7M,Brazil,157.6K,324.9K
surya_14kumar,Surya Kumar Yadav (SKY),Lifestyle,5.7M,India,910.9K,1.2M
faz3,Fazza,Lifestyle,15.1M,United Arab Emirates,343.2K,448.8K
memezar,MEMEZAR â€¢ Comedy and Culture,Cinema & Actors/actresses,22.5M,United States,178.7K,294.8K
klrahul,KL RahulğŸ‘‘,Sports with a ball,13.4M,India,383.9K,490.5K
dra.deolanebezerra,Deolane Bezerra âš–ï¸,Beauty,15.8M,Brazil,242.2K,439.3K
toni.kr8s,Toni Kroos,Sports with a ball,36.6M,Germany,132.1K,179.5K
_mariahwasa,HWASA,Music,8.4M,Brazil,614.7K,792.9K
anyataylorjoy,Anya Taylor-Joy,Modeling,9.2M,United States,499.5K,719.7K
hannahstocking,Hannah Stocking,Modeling,23.3M,United States,209K,280.4K
lucasranngel,LUCAS RANGEL,Lifestyle,20.5M,Brazil,143.8K,318K
canelo,Saul Alvarez,Fitness & Gym,14.4M,Mexico,339.7K,451.6K
kit.connor,Kit Connor,Cinema & Actors/actresses,4.8M,United States,817.7K,1.4M
alvaromorata,AÌlvaro Morata,Sports with a ball,18.9M,Italy,221.1K,341.9K
cvillaloboss,CARMEN VILLALOBOS,Shows,21.3M,Colombia,246.5K,303.9K
dqsalmaan,Dulquer Salmaan,Cinema & Actors/actresses,11.9M,India,398.5K,539.3K
mccabelinho,LITTLE HAIR,Lifestyle,7.2M,Brazil,465.2K,913.5K
darianrojasc,DARIAN R. C R A W S T O N âœ—,Lifestyle,7.9M,Mexico,747K,825.9K
ronaldinho,Ronaldo de Assis Moreira,Sports with a ball,69.1M,Brazil,52.7K,91.6K
djxiao_888,XIAOJUN,Music,7.1M,Indonesia,720K,900.5K
dntlrdl,CHOIWOOSHIK,Lifestyle,7.2M,Indonesia,675.6K,884K
jadepicon,JADE ğŸŒª,Modeling,21.6M,Brazil,135.1K,295.1K
serna_amini,Serna Amini,,9.8M,Iran,497.2K,659.3K
miguel.g.herran,Miguel HerraÌn,Cinema & Actors/actresses,13.3M,Brazil,312.4K,470K
lamborghini,Lamborghini,Luxury,32.5M,India,139.4K,192.2K
bhadbhabie,Bhabie,Music,16.2M,United States,204.1K,383.1K
soueunavida,Sou Eu Na Vida,Humor & Fun & Happiness,18.1M,Brazil,181.7K,345.1K
natashawilona12,Natasha Wilona,Beauty,40.5M,Indonesia,128.5K,153K
fuji_an,Fujianti Utami Putri,Lifestyle,12M,Indonesia,380.8K,514.4K
papugomez_official,Ä±llÄ±llÄ± Papu Gomez  Ä±llÄ±llÄ±,Family,6.5M,Italy,645.9K,967K
gabigol,Gabriel Barbosa,Sports with a ball,10.5M,Brazil,389.7K,589.3K
ana_d_armas,A N A   D E   A R M A S,Cinema & Actors/actresses,8.8M,United States,518.7K,701.7K
rogerfederer,Roger Federer,Sports with a ball,11.1M,Spain,437.8K,551.4K
anahi,Anahi,Music,10.7M,Brazil,328.3K,574.3K
mathildtantot,Mathilde,Lifestyle,9.8M,United States,410.8K,621.5K
raphaelvarane,Raphael Varane,Sports with a ball,20.4M,Spain,196.8K,295.4K
obj,Odell Beckham Jr,Sports with a ball,16.8M,United States,189K,360K
layzhang,Lay Zhang,Music,14.2M,Indonesia,398.3K,420.9K
virgilvandijk,Virgil van Dijk,Sports with a ball,13.1M,United Kingdom,320.7K,454.4K
frenchmontana,French Montana,Music,34.2M,United States,106.5K,175.5K
virgilvandijk,Virgil van Dijk,Sports with a ball,13.1M,United Kingdom,320.7K,454.4K
frenchmontana,French Montana,Music,34.2M,United States,106.5K,175.5K
yerimiese,Yeri,Lifestyle,10.8M,Indonesia,440.6K,545.8K
superstar_dewasi99,SUPERSTARDEWASI 99,Music,13.6M,India,296.7K,430.9K
parishilton,Paris Hilton,Modeling,21.2M,United States,167.5K,276.1K
jenniferwinget1,Jennifer Winget,Cinema & Actors/actresses,14.2M,India,340.9K,414.6K
gianlucavacchi,Gianluca Vacchi,Lifestyle,22.8M,Brazil,167.5K,258K
iscoalarcon,Isco Alarcon Suarez,Sports with a ball,26.4M,Spain,153.7K,221.7K
romeosantos,Romeo Santos,Music,19.8M,United States,241.4K,297.5K
thibautcourtois,Thibaut Courtois,Sports with a ball,11.7M,Spain,338.5K,492.1K
todayis_wendy,Wendy,Lifestyle,7.3M,Indonesia,674.4K,805K
ksi,KSI,Music,12.4M,United Kingdom,331K,464.4K
imouniroy,mon,Cinema & Actors/actresses,25.6M,India,184.5K,224.2K
melo,LaMelo Ball,Lifestyle,9.4M,United States,304.2K,618.3K
peytonlist,Peyton List,Cinema & Actors/actresses,20.7M,United States,183.6K,276K
yangyang_x2,YangYang á„‹á…£á†¼á„‹á…£á†¼,Music,6.7M,Indonesia,682.7K,866.5K
simonettalein,Simonetta Lein,Beauty,14.1M,India,294K,404.9K
everyone_woo,Wonwoo,Music,4.1M,Indonesia,1.1M,1.4M
liamhemsworth,Liam Hemsworth,Cinema & Actors/actresses,13M,United States,307K,436.1K
kingbach,King Bach,Music,23.5M,United States,119.7K,239.9K
sivakarthikeyan,Sivakarthikeyan Doss,,5.5M,India,872.8K,1M
shaymitchell,Shay Mitchell,Beauty,35M,United States,113.7K,159.4K
bugatti,BUGATTI,Cars & Motorbikes,17.5M,United States,235.9K,318.8K
txt_bighit,TOMORROW X TOGETHER OFFICIAL,,13.1M,Indonesia,335K,422.7K
mterstegen1,Marc ter Stegen,Sports with a ball,13.8M,Spain,267.5K,402.7K
indiancricketteam,Team India,Sports with a ball,27M,India,175.1K,204.2K
deiveleonardo,Deive Leonardo,Literature & Journalism,12.9M,Brazil,234.1K,430.6K
davikah,davikah,Modeling,17.4M,Thailand,242.5K,314.1K
djsnake,djsnake,Music,10M,India,468.7K,556.6K
whinderssonnunes,Whindersson Nunes,Humor & Fun & Happiness,58.6M,Brazil,61K,94.2K
xuminghao_o,The8 ë””ì—ì‡,Music,5.8M,Indonesia,755.4K,951.8K
memphisdepay,Memphis Depay,Sports with a ball,16.1M,France,190K,336.9K
iqbaal.e,Iqbaal Ramadhan,Cinema & Actors/actresses,13.8M,Indonesia,255.8K,394.6K
barbieferreira,barbie ferreira,Music,6M,United States,502.9K,911.6K
21savage,,Music,14.7M,United States,208.2K,366.1K
nicolasotamendi30,Twitter Oficial: @Notamendi30,Sports with a ball,6.9M,Argentina,469.9K,787.3K
winmetawin,Win Metawin O.,Lifestyle,14.1M,Philippines,337.9K,382.2K
ileana_official,Ileana D'Cruz,Cinema & Actors/actresses,15.7M,India,281K,341.8K
sav.labrant,Savannah Rose LaBrant,Family,7.2M,United States,563.1K,753.1K
kjapa,KJ Apa,Cinema & Actors/actresses,18.2M,United States,204.7K,292.5K
charles_leclerc,Charles Leclerc,Racing Sports,9.7M,Italy,422.7K,561.4K
florencepugh,Florence Pugh,Humor & Fun & Happiness,8.5M,United States,413.3K,631.7K
vinniehacker,â€ ,Lifestyle,5.8M,United States,448.3K,936.6K
mancity,Manchester City,Sports with a ball,37M,Indonesia,112.4K,143.1K
quackity,quackity,,4.4M,United States,1M,1.2M
ab,Antonio Brown,Sports with a ball,12.4M,United States,208.7K,427.6K
sofiacarson,Sofia Carson,Music,20.4M,Brazil,189.2K,256.2K
kaka,KakaÌ,Sports with a ball,19.6M,Brazil,160.9K,266.6K
d_a___m_i,KIM DA MI,,4.7M,Indonesia,906.5K,1.1M
tamannaahspeaks,Tamannaah Bhatia,Music,19.1M,India,243.2K,272.2K
leaelui,Lea Elui G,Modeling,11.2M,India,277.1K,465.4K
bocade09,Boca de 09,Lifestyle,6.8M,Brazil,405.6K,766K
snejanaonopka15,Snejana Onopka,Modeling,11.4M,Russia,386K,462.1K
demirose,Demi ğŸŒ¹,Modeling,19.9M,India,199K,258.9K
wesleysafadao,Wesley SafadaÌƒo,Music,38.3M,Brazil,82.1K,135.2K
sugaringcandy,JUNGWOO,,3.9M,South Korea,1.2M,1.3M
7_luhan_m,é¹¿ Han,Music,12.7M,Indonesia,333.1K,404.5K
agnezmo,AGNEZ MO,Music,29.9M,Indonesia,102.4K,169.9K
danielricciardo,Daniel Ricciardo,Racing Sports,7.7M,United States,499.6K,662.9K
kun11xd,KUN,Lifestyle,7.1M,Indonesia,580.4K,724.9K
yugyeom,KYUM,Music,11.8M,Indonesia,388.4K,429K
thehughjackman,Hugh Jackman,Cinema & Actors/actresses,30.7M,United States,144.5K,164K
lilpeep,lil peep,Music,7.7M,United States,394.2K,662.1K
dylansprouse,Dylan Sprouse,Cinema & Actors/actresses,9M,United States,357.2K,560.8K
anjimaxuofficially,Anjali Arora,Lifestyle,12.2M,India,321.8K,410.6K
l7nnon,L7,Lifestyle,10.3M,Brazil,205.5K,487.6K
jeonghaniyoo_n,ìœ¤ì •í•œ,Lifestyle,4.1M,Iran,979.6K,1.2M
k.kbeom,á„€á…µá†·á„‡á…¥á†· kimbum,,5.5M,Indonesia,750.5K,916.1K
lukehemmings,Luke Hemmings,Music,8.1M,United States,367.6K,626.7K
sthefanematos,STHE âš“ï¸,Lifestyle,10.4M,Brazil,210.9K,484.3K
lizakoshy,Liza Koshy,Cinema & Actors/actresses,20.3M,United States,182.3K,242.7K
lexibrookerivera,Lexi Rivera,Shows,8.4M,United States,488.4K,610.7K
ahmedabohashima,Ahmed Abouhashima,Business & Careers,19.1M,Egypt,191.5K,258.4K
nickyjam,NICKY JAM,Music,43.9M,Spain,81.8K,113.3K
srinidhi_shetty,Srinidhi Shetty ğŸŒ¸,Beauty,4.8M,India,774.3K,1M
hztttao,Z.TAOğŸ”´é»„å­éŸ¬,Music,11.2M,Indonesia,394.7K,439.2K
barackobama,Barack Obama,Finance & Economics,35.5M,United States,117.5K,138.7K
amandacerny,Amanda ğ•®ğ–Šğ–—ğ–“ğ–,Humor & Fun & Happiness,23.5M,India,129.6K,207.8K
roberto_firmino,R O B E R T O F I R M I N O,Sports with a ball,14M,Brazil,235K,349.2K
loud_victor,Victor Augusto,Lifestyle,10.9M,Brazil,353.2K,450.2K
gururandhawa,Guru Randhawa,Music,33.5M,India,119.4K,146.7K
nianaguerrero,Niana,Music,14.3M,Indonesia,274K,339.4K
alexadellanos,Alexa Dellanos,Lifestyle,10.2M,United States,303.1K,473.9K
machinegunkelly,Mr. Pink,Music,9.5M,United States,321.4K,516.7K
belindapop,Beli,Music,15.8M,Mexico,213.7K,306.8K
smriti_mandhana,Smriti Mandhana,Sports with a ball,6.9M,India,610.9K,707.6K
yasminabdelaziz_,Yasmin Abdelaziz,Cinema & Actors/actresses,16.3M,Egypt,250.6K,295.8K
matue,,Lifestyle,8.7M,Brazil,306.2K,562.2K
paulwalker,Paul Walker,Cinema & Actors/actresses,15.6M,India,223.7K,306.4K
arishfakhan138,Sayyed Arishfa Khan ğŸ’,Cinema & Actors/actresses,29.2M,India,135.7K,164.4K
alfinetei,Alfinetadas Dos Famosos ğŸ“Œ,Humor & Fun & Happiness,22.3M,Brazil,97K,217.9K
mauroicardi,ğ•„ğ”¸ğ•Œâ„ğ•† ğ•€â„‚ğ”¸â„ğ”»ğ•€,Sports with a ball,8.8M,Italy,341.9K,550.6K
yailinlamasviralreal,Yailin la Mas Viral â™‹ï¸ğŸ§¿,Lifestyle,6.3M,United States,547.8K,782.8K
jin_bighitentertainment,JIN (á„€á…µá†·á„‰á…¥á†¨á„Œá…µá†«) Updates,,7.8M,Indonesia,541.7K,615.6K
maneskinofficial,MaÌŠneskin,Modeling,6.4M,Italy,533.6K,752.6K
elrodrigocontreras,RODğŸ¥´,Lifestyle,12.6M,Mexico,341.4K,375.8K
fcbayern,FC Bayern,Sports with a ball,35.5M,Germany,82.5K,133.3K
nct127,NCT 127 Official Instagram,Music,14.9M,Indonesia,257.3K,316.9K
nikolasferreiradm,Nikolas Ferreira ğŸ‡§ğŸ‡·,Lifestyle,6.1M,Brazil,392.9K,803.4K
chelseafc,Chelsea FC,Sports with a ball,36.8M,Indonesia,84.7K,127.3K
jojotodynho,JoJo,Music,24.6M,Brazil,118.6K,192K
valentinazenere,Valentina Zenere,Modeling,10.7M,Brazil,358.5K,436.5K
jokowi,Joko Widodo,Finance & Economics,49.4M,Indonesia,76K,95.2K
annakendrick47,Anna Kendrick,Cinema & Actors/actresses,22.9M,United States,156.9K,205.4K
alishalehmann7,Alisha Lehmann,Sports with a ball,10.2M,Brazil,241K,453.2K
missasinfonia,MissaSinfonia,Cinema & Actors/actresses,6.3M,Mexico,668.1K,748.3K
zoeisabellakravitz,ZoeÌˆ Kravitz,Cinema & Actors/actresses,8.3M,United States,369K,559.6K
brfootball,Bleacher Report Football,Sports with a ball,13.5M,United States,210.4K,340.2K
fifaworldcup,FIFA World Cup,Sports with a ball,38.5M,India,79.3K,119.6K
hadise,Hadise,Music,14.2M,Turkey,278.5K,325.2K
wanda_nara,Wanda nara,Lifestyle,15.5M,Argentina,191.7K,296.2K
thenotoriousmma,Conor McGregor Official,Fitness & Gym,46.1M,United States,68.5K,99.3K
ansufati,Ansu Fati,Sports with a ball,9.5M,Spain,336.1K,486.3K
golfarahani,Golshifteh Farahani,Cinema & Actors/actresses,15.1M,Iran,236.9K,305.3K
portugal,Portugal,Sports with a ball,12.7M,Portugal,261.1K,363K
angela_aguilar_,AÌngela Aguilar ğŸ‡²ğŸ‡½,Music,9.1M,Mexico,417.6K,505.7K
dejesusoficial,Gabriel Jesus,Sports with a ball,20.3M,Brazil,142K,221.2K
darshanravaldz,Darshan Raval #TumMere,Music,15.5M,India,241.5K,291.2K
giannis_an34,Giannis Ugo Antetokounmpo,Sports with a ball,13.9M,United States,213.6K,322.6K
malutrevejo,MaluÌ ğ“‚€,Music,11.5M,United States,217.8K,390.6K
hilaryduff,Hilary Duff,Cinema & Actors/actresses,23.8M,United States,147.8K,188.3K
abdu_rozik,Abduroziq Official,Music,6.5M,Russia,517.1K,689.5K
princeroyce,Prince Royce,Music,14.6M,United States,216.8K,304.1K
saharghoreyshiofficialpage,Ø³Ø­Ø± Ù‚Ø±ÙŠØ´Ù‰ Sahar Ghoreyshi,,11.7M,Iran,273.4K,381.7K
lupitanyongo,Lupita Nyong'o,Art/Artists,10.4M,United States,304.3K,427.1K
bronny,,Sports with a ball,6.8M,United States,352.7K,654.9K
enriqueiglesias,Enrique Iglesias,Music,17.8M,India,177.6K,250.6K
leonardodicaprio,Leonardo DiCaprio,Cinema & Actors/actresses,56M,United States,63.5K,79.1K
shikhardofficial,Shikhar Dhawan,Sports with a ball,12.9M,India,297.1K,340.2K
victoriajustice,Victoria Justice,Music,23.3M,United States,138.4K,189.2K
_seorina,á„‰á…¥á†¯á„‹á…µá†«á„‹á…¡ sá´‡á´Ê€ÉªÉ´á´€,Lifestyle,7.2M,South Korea,500.1K,620.6K
otabek_muhammadalievich,Otabek Umarov,,20M,Russia,163.1K,219.1K
alok,Alok Petrillo,Music,28M,Brazil,121.9K,156.1K
wizkidayo,BIG WIZğŸ¦…,Music,16.1M,Nigeria,144.3K,281K
fedevalverde,Fede Valverde,Sports with a ball,8M,Spain,388.7K,551.4K
vanessahudgens,ğŸ”®Vanessa HudgensğŸ”®,Cinema & Actors/actresses,47.9M,United States,54.4K,89.4K
nancyajram,Nancy Ajram,Music,34.1M,Iraq,99.2K,126.7K
_shotaroo_,SHOTARO ã‚·ãƒ§ã‚¦ã‚¿ãƒ­ã‚¦,Lifestyle,5.8M,South Korea,642.9K,745.1K
ler_chek,Ğ’Ğ°Ğ»ĞµÑ€Ğ¸Ñ Ğ§ĞµĞºĞ°Ğ»Ğ¸Ğ½Ğ°,Lifestyle,10.5M,Russia,315.9K,408.7K
redvelvet.smtown,Red Velvet Official,Music,11.9M,Indonesia,292K,354.8K
nita_shilimkar,Nita Shilimkar,Lifestyle,12M,India,264K,348.7K
afaseleccion,SelecciÃ³n Argentina,Sports with a ball,10.5M,Argentina,263.7K,396.8K
julienco_,! Julian,Lifestyle,6.5M,Germany,514.6K,646K
you_r_love,á„€á…µá†·á„‹á…²á„Œá…¥á†¼  KIM YOU JUNG ğŸ‡°ğŸ‡·,,6.6M,Indonesia,500.2K,639K
olamide,OlamideÌ,Music,10.2M,Nigeria,277.7K,419.2K
jackharlow,,Lifestyle,6.9M,United States,326.8K,609.9K
sureshraina3,Suresh Raina,Modeling,22.1M,India,165.4K,186.6K
daquan,Daquan,Humor & Fun & Happiness,16.5M,United States,162.2K,250.2K
trentarnold66,Trent Alexander-Arnold,Lifestyle,8.5M,United Kingdom,351.5K,493.8K
karelyruiz,Karely Ruiz,Lifestyle,7.3M,Mexico,456.7K,573.4K
yefersoncossio,Yef,Lifestyle,10.1M,Colombia,296.7K,409.4K
eizagonzalez,Eiza Gonzalez,Cinema & Actors/actresses,7.6M,Mexico,408.8K,545K
becaa_barreto,Rebeca ğŸŒ™,Lifestyle,10.7M,Brazil,269.5K,380.6K
_chaechae_1,ê¹€ì±„ì› (CHAEWON),Lifestyle,3.9M,South Korea,871.7K,1M
tannerbuchananofficial,Tanner Buchanan Official,Cinema & Actors/actresses,4.1M,United States,622.3K,1M
tiffanyyoungofficial,tiffany young,Modeling,13.5M,Indonesia,240.6K,301.2K
amitabhbachchan,Amitabh Bachchan,Cinema & Actors/actresses,32.2M,India,109.1K,126K
aleoliveiracm,AleÌ‚ Oliveira,Humor & Fun & Happiness,8.6M,Brazil,195K,497K
myketowers,MICHAEL,Music,9.7M,Spain,234.5K,423K
adamsandler,Adam Sandler,Cinema & Actors/actresses,14.8M,United States,213.9K,272K
juventus,Juventus,Sports with a ball,55.9M,India,49.2K,71.8K
wizkhalifa,Wiz Khalifa,Music,39.4M,India,72.9K,102.1K
dixiedamelio,dixie,Music,24.1M,United States,112.7K,165.1K
maxverstappen1,Max Verstappen,Racing Sports,9.5M,United States,334.4K,426.3K
subo_m,Subhan Mamedov,Shows,10.6M,Russia,307.8K,375.8K
schwarzenegger,Arnold Schwarzenegger,Cinema & Actors/actresses,22.9M,United States,147.7K,173.5K
pledis_boos,ìŠ¹ê´€ SEUNGKWAN,Music,5M,Indonesia,659.5K,799.9K
litkillah,SnipeZğŸ§ª,Music,8.3M,Argentina,367.6K,484.1K
mrunalthakur,Mrunal Thakur,Beauty,7.4M,India,423.5K,538.5K
diljitdosanjh,DILJIT DOSANJH,Cinema & Actors/actresses,14.3M,India,228.1K,274.7K
klaythompson,Klay Thompson,Sports with a ball,14.1M,United States,192.3K,279.4K
fadiljaidi,Fadil Jaidi,Lifestyle,8.2M,Indonesia,325.3K,489.5K
rakulpreet,Rakul Singh,Cinema & Actors/actresses,22.6M,India,147.5K,173.5K
shivangijoshi18,à¤¶à¤¿à¤µà¤¾à¤‚à¤—à¥€ à¤œà¥‹à¤¶à¥€,Lifestyle,7.6M,India,437.1K,526K
letthelordbewithyou,Scott Disick,Lifestyle,27.9M,United States,92.6K,139.8K
joaofelix79,JoaÌƒo FeÌlix,Sports with a ball,6.2M,Spain,361.2K,635.7K
yuzi_chahal23,Yuzvendra Chahal,Lifestyle,8.3M,India,389.2K,473.9K
tombrady,Tom Brady,Sports with a ball,13M,United States,170.8K,298.8K
adrianalima,Adriana Lima,Modeling,15.2M,United States,172.4K,253.5K
jordynwoods,HEIR JORDYN,Modeling,12.6M,United States,161K,304.8K
pedroguilherme,Pedro Guilherme,Lifestyle,5.5M,Brazil,367.4K,709.4K
easportsfifa,EA SPORTS FIFA,Sports with a ball,28.3M,Spain,80K,134.3K
anastasiya_kvitko,AK ğŸ¤,Lifestyle,12.4M,United States,251.4K,307.8K
tiwasavage,Dr Tiwa Savage âš”ï¸,Lifestyle,16M,Nigeria,135.2K,239.7K
anyageraldine,anya geraldine,Music,11.4M,Indonesia,194.3K,331.8K
dk_is_dokyeom,ë„ê²¸,Lifestyle,4M,Indonesia,832.1K,958.7K
vernonline,Vernon ë²„ë…¼,,5.1M,Japan,569.9K,754.2K
dindahw,Dinda Hauw,Cinema & Actors/actresses,15.2M,Indonesia,164.2K,245.7K
princessyahrini,SYAHRINI,Music,41.2M,Indonesia,68.8K,90.4K
jxxvvxxk,á„‹á…µá„Œá…¢á„‹á…®á†¨,,4.3M,Indonesia,698.4K,877.1K
philfoden,Phil Foden,Lifestyle,6.3M,United Kingdom,343.5K,601.5K
netflixbrasil,Netflix Brasil,Shows,34.2M,Brazil,63.9K,109.3K
onwardwanna,"Javon ""Wanna"" Walton",Lifestyle,5.9M,United States,384.8K,641K
ivetesangalo,Veveta,Music,35M,Brazil,83.6K,108.1K
jessicajane99,Jessica Jane,Shows,6.1M,Indonesia,468.6K,618.4K
baifernbah,baifernbah,Lifestyle,11.7M,Indonesia,248.1K,314.1K
premierleague,Premier League,Sports with a ball,61.6M,United Kingdom,38.7K,59.7K
weareone.exo,EXO Official,Music,10M,Indonesia,294K,369K
xsqueezie,,Music,8.1M,France,390.8K,456.9K
playstation,PlayStation,Gaming,29.1M,United States,103.3K,126.3K
manchesterunited,Manchester United,Sports with a ball,60.7M,United Kingdom,35.6K,60.3K
neymarjrsiteoficial,Neymar Jr Site,Sports with a ball,12.1M,Brazil,224.8K,303.5K
ellenpompeo,Ellen Pompeo,Cinema & Actors/actresses,9.9M,Brazil,215.8K,374.1K
haifawehbe,Haifa Wehbe,Music,11M,Iraq,227.7K,333.6K
marcoasensio10,Marco Asensio,Sports with a ball,14.8M,Spain,159.7K,244.9K
bleacherreport,Bleacher Report,Sports with a ball,20.1M,United States,91.6K,180.6K
camilaloures,Camila Loures,Shows,18.7M,Brazil,130.4K,194.4K
jailyneojeda,Jailyne Ojeda Ochoa,Modeling,14.2M,United States,183.7K,255.1K
ho5hi_kwon,HOSHI,Lifestyle,4.3M,Indonesia,654K,850.4K
briandadeyanara,BRIANDA ğŸ’–,Lifestyle,13.8M,Mexico,219.8K,258K
alvxaro,ALVARO,Lifestyle,10.7M,Brazil,134.9K,336.7K
thegirljt,JTğŸ˜¸,Music,6M,United States,222.5K,609.4K
wos.ds3,ValentiÌn Oliva,Music,6.8M,Argentina,348.7K,533.7K
manuelneuer,Manuel Neuer,Sports with a ball,12.2M,Germany,202.9K,291K
naileadevora,nai,Lifestyle,5.4M,United States,452.2K,668K
sportscenter,SportsCenter,Sports with a ball,32.5M,United States,60.7K,108.9K
dew_jsu,2000,Beauty,6.7M,Indonesia,440.9K,535.3K
valeyellow46,Valentino Rossi,Racing Sports,14.6M,Indonesia,190.9K,241.6K
nobru,Bruno Goes ğŸ­,Machinery & Technologies,13.9M,Brazil,175.9K,256.3K
afrasaracoglu,Afra,Cinema & Actors/actresses,5.7M,Turkey,504.3K,625.6K
vousmevoyez,KRYSTAL,Music,10.5M,Indonesia,259.6K,336.9K
fuckjerry,FUCKJERRY,Humor & Fun & Happiness,16.7M,United States,163.7K,211.4K
salmahayek,Salma Hayek Pinault,Cinema & Actors/actresses,22.2M,United States,128.6K,159.1K
sebastianyatra,Sebastian Yatra,Music,30M,Argentina,84.3K,117.9K
riyadmahrez26.7,RM26,Sports with a ball,9.7M,Algeria,283.6K,365.4K
aliandooo,Aliando Syarief,Music,17.8M,Indonesia,127.4K,202.9K
myriamfares,Myriam Fares,Music,22.4M,Iraq,115.1K,155.7K
arcticmonkeys,Arctic Monkeys,Music,5.4M,United States,464.5K,653.3K
eilirjani,Elton ILIRJANI,Adult content,10.7M,Albania,224K,323.6K
simonemendes,Simone Mendes,Music,36M,Brazil,76.7K,97K
mchariel,MC Hariel,Music,10.5M,Brazil,165.6K,330.4K
rodwave,RodWave,,6.1M,United States,263.6K,584K
tiagopzk,GOTTI A,Music,5.8M,Argentina,264.4K,602.7K
hichasestokes,,Humor & Fun & Happiness,7.1M,United States,326.6K,489.2K
simaria,Simaria,Music,28.2M,Brazil,84.7K,123.4K
sonamkapoor,Sonam Kapoor Ahuja,Fashion,34.2M,India,84.9K,100.5K
nehasharmaofficial,Neha Sharma ğŸ’«,Cinema & Actors/actresses,15M,India,199.7K,229.5K
jamescharles,James Charles,Beauty,22.3M,United States,105K,154.5K
joelocke03,Joe Locke,Cinema & Actors/actresses,3.5M,United Kingdom,552.5K,978.6K
araikgalstyanmoscowschool,ï¼¡ï¼²ï¼¡ï¼©ï¼«  ï¼§ï¼¡ï¼¬ï¼³ï¼´ï¼¹ï¼¡ï¼® ï¼·ï¼¯ï¼²ï¼¬ï¼¤ ï¼¦ï¼¬ï¼¯ï¼²ï¼©ï¼³ï¼´  ï¼¤ï¼¥ï¼³ï¼©ï¼§ï¼®ï¼¥ï¼²,Beauty,20M,Turkey,132.8K,172.1K
i_nivethathomas,Nivetha Thomas,Cinema & Actors/actresses,6.5M,India,473.4K,535.4K
anupamaparameswaran96,Anupama Parameswaran,Cinema & Actors/actresses,12.9M,India,241.7K,264.6K
f1,FORMULA 1Â®,Racing Sports,21.6M,Italy,124.5K,157.5K
realshadmehr,Shadmehr Aghili,Music,8.3M,Iran,304.2K,423.7K
liverpoolfc,Liverpool Football Club,Sports with a ball,41.1M,United Kingdom,58.9K,82.6K
littlemix,Little Mix,Music,16.5M,Brazil,152.5K,205.3K
chieffkeeffsossa,Chief Keef,Music,8M,United States,233.7K,432.3K
raashiikhanna,Raashii Khanna,Cinema & Actors/actresses,8.8M,India,326.2K,389.2K
syifahadjureal,Syifa Hadju,Modeling,15.8M,Indonesia,172.4K,213.1K
kingryan,Ryan Garcia,Fitness & Gym,9.1M,United States,257.8K,374.2K
canyaman,Can Yaman,Cinema & Actors/actresses,10.1M,Italy,271.9K,337.7K
romanreigns,Joe Anoai aka â€œRoman Reignsâ€,Lifestyle,6.8M,India,384.5K,498.7K
karljacobs,Karl Jacobs,,4.6M,Brazil,656.2K,731.8K
landonorris,Lando Norris,Racing Sports,6M,Italy,444.5K,560.4K
nct_dream,NCT DREAM OFFICIAL,Music,10.9M,Indonesia,271.8K,302.9K
baimwong,Baim Wong,Cinema & Actors/actresses,17.7M,Indonesia,145.9K,186K
lacasadepapel,La Casa de Papel,Cinema & Actors/actresses,12.1M,Brazil,180.5K,271.2K
noahbeck,Noah Beck,Sports with a ball,9M,United States,230K,370.3K
elliotpage,,Cinema & Actors/actresses,6.1M,United States,377.4K,543.9K
mohanshakti,Shakti Mohan,Art/Artists,17M,India,159.8K,191.9K
kh1000le,CHENLE ZHONG,Music,3M,Indonesia,980.8K,1.1M
apple,apple,Computers & Gadgets,29M,India,83.2K,112.5K
narins_beauty,â€¢â€¢Narins Beautyâ€¢â€¢,Lifestyle,9.5M,Iraq,302.1K,353.3K
garnacho7,Alejandro Garnacho,Sports with a ball,3.4M,Spain,530.7K,962.9K
yooncy1,ìœ¤ì°¬ì˜ Chan-young Yoon,Lifestyle,4.8M,South Korea,574.8K,691.4K
manelyk_oficial,Manelyk Gonzalez,Music,15.2M,Mexico,165K,213.1K
bowerjamie,á´Šá´€á´Éªá´‡ á´„á´€á´á´˜Ê™á´‡ÊŸÊŸ Ê™á´á´¡á´‡Ê€,Cinema & Actors/actresses,5.5M,Italy,450.8K,600.7K
dean.schneider,Dean Schneider,Animals,10.2M,United States,235.3K,319.1K
ludmilla,LUDMILLA,Music,28.6M,Brazil,77K,115.3K
amadorat,N I C O L E   A M A D O ğŸ‰,Fashion,8.3M,Mexico,351.8K,393.2K
liltjay,TJAYYYY ğŸ–¤,Lifestyle,7.8M,United States,230.2K,422.3K
nidhhiagerwal,Nidhhi Agerwal ğŸŒŸ,Gaming,26.4M,India,101.8K,121.7K
avrillavigne,Avril Lavigne,Music,12M,Brazil,215.6K,268.5K
kenzie,kenzie â™¡,Art/Artists,14.8M,United States,142.8K,217.1K
feid,FERXXO,Music,6M,Colombia,264.6K,547.4K
egorkreed,Ğ•Ğ³Ğ¾Ñ€ ĞšÑ€Ğ¸Ğ´ | #HeartBreakKid,Music,14.6M,Russia,179.5K,220.1K
deolaneb_,DEOLANE BEZERRA âš–ï¸,,6.3M,Brazil,321.4K,515.7K
bts_love_myself,LOVE MYSELF,,7.6M,Indonesia,374.6K,429.6K
kanik4kapoor,Kanika Kapoor,Music,12M,India,223.3K,267.5K
lizzobeeating,Lizzo,Music,13.1M,United States,175K,245.3K
harshasai_,Harsha sai,Shows,3.6M,India,783.6K,891.9K
fortnite,Fortnite,Gaming,25.3M,United States,107K,126.1K
samsmith,SAM SMITH,Music,14.8M,United States,146.7K,215K
irinashayk,irina shayk,Modeling,20.4M,Russia,112.2K,155.6K
rafaeluccman,Rafael Uccman,Lifestyle,9.4M,Brazil,171.2K,352.5K
andreavaldirisos,ANDREA VALDIRI ğŸ‡¨ğŸ‡´,Lifestyle,8.9M,Colombia,256.2K,365.3K
auba,Pierre-Emerick Aubameyang,Sports with a ball,13.6M,Nigeria,158.5K,231.8K
tamerhosny,Tamer Hosny,Music,23.8M,Egypt,109.1K,133.1K
oprah,Oprah,Art/Artists,21.8M,United States,113.4K,145.9K
marimaria,Mari Maria,Beauty,20.5M,Brazil,79.9K,153.9K
mariabecerra,Maria Becerra,Music,10.8M,Argentina,122.6K,290.2K
jenaissante,HUH YUNJIN of LE SSERAFIM,,2.8M,South Korea,921.1K,1.1M
vanessalopesr_,Vanessa Lopes,Lifestyle,13.3M,Brazil,72.3K,235.8K
kevinroldankr,KR â™› KEVIN ROLDAN,Music,11M,Mexico,175.3K,283.5K
theamitbhadana,Amit Bhadana ( à¤…à¤®à¤¿à¤¤ à¤­à¤¡à¤¼à¤¾à¤¨à¤¾ ),Shows,8.7M,India,295.6K,362.3K
choquei,CHOQUEI,Literature & Journalism,18.5M,Brazil,54.3K,168.4K
lakers,Los Angeles Lakers,Sports with a ball,20.8M,United States,100.4K,148.5K
yihyun_1208,á„Œá…©á„‹á…µá„’á…§á†« cho yihyun,Lifestyle,5.1M,India,515.2K,608K
grantgust,Grant Gustin,Cinema & Actors/actresses,7.8M,Brazil,283.2K,401K
ewsbdi,ë¡œìš´,,4.9M,Brazil,467.1K,642.2K
theshilpashetty,Shilpa Shetty Kundra,Cinema & Actors/actresses,27.4M,India,97.6K,112.7K
hustlemantherapper,Hustleman ğŸ’«,Lifestyle,10.2M,United States,272.6K,300.8K
aboflah,AboFlah,Humor & Fun & Happiness,7.5M,Syria,367.5K,421.9K
woozi_universefactory,WOOZI,,4.4M,Indonesia,604.5K,718.5K
vivi,Vivi Wanderley ğŸ’šğŸ§¸ğŸ®,Beauty,14.5M,Brazil,127.8K,210.4K
pharrell,ğ’ğğ ğğ… ğ€ ğğ‡ğ€ğ‘ğ€ğğ‡,Music,14.2M,United States,150.2K,215.1K
filiperet,RETCHÃŠ,Lifestyle,8.1M,Brazil,149.7K,382.5K
dababy,KIRK,Music,21M,United States,89.1K,145.1K
taylor_hill,Taylor Hill,Art/Artists,21.5M,United States,94.2K,140.5K
burcuozberk,Burcu Ã–zberk,Cinema & Actors/actresses,9.3M,Turkey,256.9K,332.6K
martingarrix,Martin Garrix,Music,15.7M,Mexico,136.5K,192.7K
krithi.shetty_official,Krithi Shetty,Beauty,4.3M,India,599.3K,708.5K
chomismaterialgirl,Araya Alberta Hargate,Cinema & Actors/actresses,11.2M,Thailand,210.8K,268.5K
hennessycarolina,HennessyğŸ’‹,Lifestyle,7.8M,United States,214K,389.9K
masonmount,Mason Mount,Lifestyle,5.4M,United Kingdom,394.5K,561.3K
vickykaushal09,Vicky Kaushal,Lifestyle,14.6M,India,174.5K,204.8K
toniruediger,Antonio RÃ¼diger,Sports with a ball,5.4M,United Kingdom,360.3K,567.8K
min.nicha,MINNIE,Lifestyle,4.8M,China,553.4K,630.6K
richforever,Biggest Boss Rick Ross,Music,16.6M,United States,96.2K,181.4K
angeliqueboyer,Angelique Boyer,Shows,14.5M,Brazil,164.6K,206.7K
pokimanelol,pokimane,Lifestyle,6.1M,United States,374.7K,493.4K
wolfiecindy,Cindy Kimberly,Modeling,7M,United States,259.4K,431.3K
klarafgcastanho,KlÃ¥ra CÃ¥stanho,Cinema & Actors/actresses,7.2M,Brazil,216.8K,419.6K
joaogomescantor,ACREDITE ğŸ§¡,Music,14M,Brazil,78.5K,214.6K
dreamwastaken,Dream,,3.3M,United States,783.1K,917.8K
nessabarrett,ness,Lifestyle,7.2M,United States,308.8K,418.3K
saweetie,,Cinema & Actors/actresses,13M,United States,98.9K,230.3K
_yujin_an,ì•ˆìœ ì§„ AN YUJIN,Lifestyle,3.9M,South Korea,723.7K,766.4K
officialmahirasharma,Mahira Sharma,Lifestyle,5.8M,India,429.3K,521.9K
kareenakapoorkhan,Kareena Kapoor Khan,Family,9.9M,India,244.1K,304.6K
kaliuchis,,Music,4.1M,United States,426.6K,736.6K
hasbulla.hushetskiy,Hasbulla Magomedov,Lifestyle,5.4M,Russia,365.3K,552.9K
jeremyrenner,Jeremy Renner,Shows,18.1M,United States,136.6K,163.3K
yg_treasure_official,TREASURE (íŠ¸ë ˆì €),Music,5.9M,Indonesia,401.7K,512.9K
priyankaamohanofficial,Priyanka Mohan,Photography,3.9M,India,671.2K,770.1K
ms.sethii,Shilpa Sethi,Modeling,7.4M,United States,269.9K,407.7K
anguscloud,Angus Cloud,Music,7.6M,United States,238.4K,393.8K
luzu,Luzu,Cinema & Actors/actresses,5.5M,Mexico,491.3K,543.2K
artmodel.one,Ğ®Ğ»ĞµÑ‡ĞºĞ°ğŸ’–Digital Art,,8.6M,India,268.4K,348.5K
bypamella,BY PAMELLA âœ¨ğŸ§¿,Shows,9.9M,Brazil,175.7K,300.9K
laurenlondon,Lauren London,Cinema & Actors/actresses,9.9M,United States,176.6K,301.3K
disney,Disney,Shows,35.7M,United States,66.7K,81.8K
emmaroberts,Emma Roberts,Cinema & Actors/actresses,18.9M,United States,104.8K,154.6K
mollymae,Molly-Mae Hague,Lifestyle,6.8M,United Kingdom,248.3K,432.8K
nicolegarcia,Nicole Gonzalez Garcia,Lifestyle,6.1M,Mexico,370.9K,485.4K
kentooyamazaki,å±±ï¨‘è³¢äºº,Cinema & Actors/actresses,5.2M,Japan,492.7K,570.5K
iamyanetgarcia,Yanet Garcia ğŸ‡²ğŸ‡½,Cinema & Actors/actresses,14.9M,Mexico,152.8K,194.6K
sashameneghel,SASHA,Cinema & Actors/actresses,8.1M,Brazil,183.1K,361.7K
catherinemcbroom,Catherine Paiz,Family,7.2M,United States,238.3K,409.4K
jeromepolin,Jerome Polin Sijabat ã‚·ã‚™ã‚§ãƒ­ãƒ¼ãƒ ,Education,7.3M,Indonesia,276.1K,404.7K
realhinakhan,Hina Khan,Cinema & Actors/actresses,18.8M,India,125.4K,154.3K
navidmohammadzadeh,navid mohammadzadeh,Cinema & Actors/actresses,8.5M,Iran,245.7K,347.3K
rampage_thedancer,RAMPAGE THE DANCER ğŸ‡¨ğŸ‡º,Water sports,2.2M,United States,1.1M,1.3M
miamalkova,Mia Malkova,Cinema & Actors/actresses,11.3M,India,189.7K,257.3K
spacex,SpaceX,Science,16.4M,United States,144.4K,175.9K
bounouyassine_bono,Yassine Bounou â€œBONOâ€,Sports with a ball,4.5M,Morocco,451.7K,643.1K
imfaithxo,Faith Lianne,,5.9M,United States,291.1K,491.5K
sophiedee,Sophie Dee,Adult content,12.6M,United States,172.8K,229.8K
333cyj333,Ars ğŸ—,Music,6.7M,Thailand,362.7K,431.6K
ciara,Ciara,Music,33.2M,United States,63.8K,86.8K
alexis_officia1,Sanchez Alexis,Sports with a ball,15.1M,Chile,103.1K,190K
bianca,BIANCA,Beauty,18M,Brazil,68K,159.7K
nikkietutorials,NikkieTutorials,Beauty,16.8M,United States,124K,168.5K
choi_seung_hyun_tttop,TOP,,15.1M,Indonesia,159.7K,189K
nabilla,Nabilla Vergara âœ¨,Beauty,8.1M,France,262.5K,352.8K
linatejeiro,Lina Tejeiro.,Cinema & Actors/actresses,9.9M,Colombia,239.3K,288.2K
galatasaray,Galatasaray,Sports with a ball,12M,Turkey,205.9K,235K
troyesivan,troye sivan,Art/Artists,13.8M,United States,142.3K,204.1K
voriaghafuri_official,Voria,,3.8M,Iran,506.1K,797.2K
jamorant,12 ğŸ¥·ğŸ½ğŸ–¤,Winter sports,8.3M,United States,211.7K,342K
esbilgic,Esra Bilgic,Cinema & Actors/actresses,7.2M,India,313.3K,398.6K
_hakkencoser_,Hakken å…«çŠ¬,Gaming,3.9M,United States,604.8K,738.7K
hannahelzahed,Hannah El-Zahed,Cinema & Actors/actresses,18.4M,Egypt,122.8K,151.8K
gabimartins,Gabriela Martins,Music,12.9M,Brazil,130.7K,219.9K
percy,Percy Hynes White,Lifestyle,3.3M,United States,503.3K,839.6K
mcdavipaiva,PAIVAğŸ’MAGNATA !,Lifestyle,4.7M,Brazil,226.4K,602.1K
maudyayunda,Maudy Ayunda,Music,17.9M,Indonesia,104.5K,154.1K
ferrari,Ferrari,Luxury,23.9M,United States,87.5K,114.9K
skaijackson,S K A I,Lifestyle,8.1M,United States,195.1K,343.4K
huddy,Chase Hudson,Lifestyle,11.3M,United States,175.9K,242.5K
willevy,William  Levy / Actor Producer,Shows,11.1M,Brazil,186.6K,251.9K
vanessamorgan,Vanessa Morgan,Music,9.2M,United States,211.4K,300.7K
jhayco,,Music,5M,Mexico,314.6K,551.7K
davidalaba,David Alaba,Sports with a ball,11.6M,Spain,156.1K,234.5K
kawtarbamo,KAWTAR BA-MOHAMED ÙƒÙˆØ«Ø± Ø¨Ø§Ù…Ùˆ,Cinema & Actors/actresses,8M,Morocco,255K,345.4K
celestebarber,Celeste Barber,Humor & Fun & Happiness,9.4M,United States,273.9K,293.5K
ggonekim,,Lifestyle,6M,Indonesia,375.5K,461.3K
flamengo,Flamengo,Sports with a ball,16.1M,Brazil,81.9K,168.3K
nimratkhairaofficial,NIMRAT KHAIRA,Music,8.2M,India,270.5K,335.7K
austinmcbroom,Austin McBroom,Lifestyle,6.4M,India,306K,430.3K
junhui_moon,JUN æ–‡ä¿Šè¾‰,Lifestyle,3.4M,Indonesia,661.5K,811.4K
rjkarishma,RJ Karishma,Humor & Fun & Happiness,5.4M,India,399.4K,509K
willyrex,Willyrex,Shows,8.7M,Spain,253.3K,311.9K
_agentgirl_,ĞĞĞ¡Ğ¢Ğ¯ Ğ˜Ğ’Ğ›Ğ•Ğ•Ğ’Ğ,Shows,18.2M,Russia,128.2K,147K
lacikaysomers,Laci Kay Somers,Music,12.2M,United States,131.1K,223.8K
tohi,ğ“ğğ‡ğˆ,Lifestyle,12.2M,Iran,154.2K,223.5K
hasnaink07,Hasnain khan,Gaming,13.2M,India,162.9K,203.1K
morganasecco,Morgana Secco,Family,4.1M,Brazil,394.6K,671.9K
haifa_hassony,Ù‡ÙŠÙØ§Ø¡ Ø­Ø³ÙˆÙ†ÙŠ Haifa Hassony,Modeling,15.6M,Iraq,129.4K,172.3K
ozuna,@ozutochi,Music,22.7M,Spain,87.2K,117.3K
moneybaggyo,Certified Speaker,Lifestyle,8.5M,United States,134.3K,319.7K
allusnehareddy,Allu Sneha Reddy,Travel,8.7M,India,267.4K,310K
nikefootball,Nike Football (Soccer),Sports with a ball,45.5M,Brazil,37.8K,58.5K
michelleziu,ï¼­ï½‰ï½ƒï½ˆï½…ï½Œï½Œï½…  ï¼ºï½‰ï½•ï½„ï½‰ï½”ï½ˆ  ï½—,Cinema & Actors/actresses,10.5M,Indonesia,174K,253.9K
tatawerneck,Tata Werneck,Cinema & Actors/actresses,54.6M,Brazil,31.4K,48.7K
dylanminnette,Dylan Minnette,Music,7.2M,United States,229.3K,372.8K
g_eazy,G-Eazy,Music,10M,United States,176.1K,269K
mahnaz_afshar,Mahe Man,Cinema & Actors/actresses,17.1M,Iran,113.8K,157.1K
keylornavas1,Keylor Navas Gamboa,Sports with a ball,16.7M,Spain,110.9K,160.7K
voguemagazine,Vogue,Literature & Journalism,41.8M,United States,42K,63.4K
lexa,Lexa,Music,18.2M,Brazil,86.3K,145.7K
amybethmcnulty,Amybeth,Lifestyle,7.8M,Brazil,248.5K,341.4K
nicolebahls,Nicole Bahls,Modeling,20.9M,Brazil,71.6K,127.6K
ibrahimyilmazofficial,IÌ‡brahim YÄ±lmazï¸,Humor & Fun & Happiness,10.3M,Turkey,190.6K,256.9K
esmuellert,Thomas MuÌˆller,Sports with a ball,11.9M,Germany,161.4K,221.6K
snoopdogg,snoopdogg,Lifestyle,78.3M,United States,23.8K,34.2K
jennmuriel,Jenn muriel,Lifestyle,6.4M,Colombia,332.4K,414K
harshbeniwal,Harsh PUSPENDER Beniwal,Shows,5.7M,India,351.7K,458K
brianmaps,Ğ‘Ñ€Ğ°Ğ¸Ì†Ğ½ ĞœĞ°Ğ¿Ñ (ĞœĞ°ĞºÑ Ğ¢Ğ°Ñ€Ğ°ÑĞµĞ½ĞºĞ¾),,5.8M,Russia,441.7K,455.1K
sincerooficial,Sincero Oficial,Humor & Fun & Happiness,21.8M,Brazil,61.6K,119.1K
jackgrealish,Jack Grealish,Sports with a ball,5.7M,United Kingdom,295.9K,462.6K
dkharbour,David Harbour,Cinema & Actors/actresses,9.9M,United States,202.3K,264.8K
taylorlautner,Taylor Lautner,Shows,8.6M,Brazil,207.9K,303.5K
sahilkhan,Indiaâ€™s Youth & Fitness ICâ­•ï¸NÂ®,Fitness & Gym,11.1M,India,179.3K,232.5K
alejoigoa,Alejo Igoa,Lifestyle,6.9M,Argentina,256K,380.2K
lulaoficial,Luiz InaÌcio Lula da Silva,Finance & Economics,11.7M,Brazil,129.2K,226.8K
alissonbecker,Alisson Becker,Sports with a ball,8.4M,Brazil,209.3K,310.5K
karolsevillaofc,KAROL SEVILLA,Cinema & Actors/actresses,15.6M,Brazil,131.3K,165.8K
e_milygarcia,Emily Garcia,Cinema & Actors/actresses,11.6M,Brazil,135K,223.4K
kajol,Kajol Devgan,Cinema & Actors/actresses,13.1M,India,158.7K,195.9K
sashapieterse,Sasha Pieterse Sheaffer,Lifestyle,16.3M,Brazil,97.9K,156.9K
bumkeyk,SHINee KEY,Music,9.4M,Indonesia,229.6K,275.2K
soyneiva,Neiva Mara,Adult content,11.9M,Brazil,160.7K,215.5K
dearra,De'arra Taylor,,6.4M,United States,217.8K,405.9K
emiliamernes,Emilia Mernes,Music,6.4M,Argentina,212.6K,400.1K
camilacoelho,CAMILA COELHO,Shows,9.9M,Brazil,122.1K,260.4K
jessnolimit,Jess No Limit,Shows,7.4M,Indonesia,291.9K,351.4K
youngdae0302,á„€á…µá†·á„‹á…§á†¼á„ƒá…¢,Music,4.6M,Indonesia,425K,561K
raghavjuyal,Raghav Juyal,Travel,11.2M,India,189.3K,226.1K
noorstars,Ù†ÙˆØ± Ø³ØªØ§Ø±Ø² | Noor Stars,Shows,13.5M,Iraq,139.7K,186.5K
urassayas,Urassaya Sperbund,Cinema & Actors/actresses,12.2M,Thailand,174.3K,206.6K
phoebejtonkin,Phoebe Tonkin,Beauty,8.4M,United States,210.9K,301.1K
riteishd,Riteish Deshmukh,Art/Artists,18.5M,India,116.3K,135.9K
sofiavergara,Sofia Vergara,Cinema & Actors/actresses,27.5M,United States,70.3K,91.7K
pandorakaaki,ğğšğ§ğğ¨ğ«ğš ğŠğšğšğ¤ğ¢,Adult content,9.1M,United States,204.6K,281.7K
teslamotors,Tesla,Cars & Motorbikes,9.6M,United States,178.2K,266.2K
madisonbaileybabe,Maddie Baby,Lifestyle,6.5M,United States,207.4K,388.3K
larray,larri,Lifestyle,6.6M,United States,262.9K,385.4K
jaybnow.hr,LIM JAE BEOM,Music,7M,United States,276.6K,363.1K
francety,Francia James,Adult content,11.5M,India,167.3K,219.1K
madisonbaileybabe,Maddie Baby,Lifestyle,6.5M,United States,207.4K,388.3K
larray,larri,Lifestyle,6.6M,United States,262.9K,385.4K
jaybnow.hr,LIM JAE BEOM,Music,7M,United States,276.6K,363.1K
francety,Francia James,Adult content,11.5M,India,167.3K,219.1K
floydmayweather,Floyd Mayweather,Fitness & Gym,28.5M,United States,49.6K,86.8K
katherinelangford,KATHERINE LANGFORD,Cinema & Actors/actresses,31.8M,India,55K,78.7K
francinyehlke,Franciny Ehlke,Beauty,15.5M,Brazil,72.1K,157.9K
lynaritaa,Lyna Perez,Lifestyle,9.3M,United States,204.3K,269.6K
starwars,Star Wars,Cinema & Actors/actresses,15.9M,United States,120.6K,153.6K
borodylia,ĞšÑĞµĞ½Ğ¸Ñ Ğ‘Ğ¾Ñ€Ğ¾Ğ´Ğ¸Ğ½Ğ°,Shows,19.5M,Russia,101.5K,125.3K
brunofernandes8,Bruno Fernandes,Lifestyle,7.6M,United Kingdom,217.1K,325.1K
sarahhyland,Sarah Hyland,Cinema & Actors/actresses,10.2M,United States,190.6K,238.5K
limitless,Jas Mathur,Business & Careers,10.2M,Turkey,133.8K,237.8K
veradijkmans,Vera Dijkmans,Adult content,5.6M,United States,315.1K,442.6K
paraschhabra,Paras Chhabra,Shows,6M,India,355.5K,408.7K
shahinsamadpoor,Shahin Samad poor Ø´Ø§Ù‡ÛŒÙ† ØµÙ…Ø¯Ù¾ÙˆØ±,Literature & Journalism,5M,Iran,380.2K,497.9K
whrbtjd,á„Œá…©á„€á…²á„‰á…¥á†¼ (gue sung cho),Sports with a ball,2.9M,South Korea,718.2K,855.8K
morganwallen,Morgan Wallen,Family,4.5M,United States,309.9K,550.7K
gadiiing,Gading Marten,Shows,23.3M,Indonesia,64.1K,103.3K
arashi_5_official,ARASHI,,4.4M,Japan,543.4K,566.2K
sandrinna_11,Sandrinnaskornicki,Lifestyle,10.9M,Indonesia,172.2K,219.5K
chetri_sunil11,Sunil Chhetri,Sports with a ball,3.5M,India,535.3K,695.6K
neeraj____chopra,Neeraj Chopra,Shows,6.3M,India,294.7K,386.3K
yuyacst,ğ“¨ğ’–ğ’šğ’‚,Modeling,17M,Mexico,97.3K,140.3K
lucasguimaraes,LUCAS GUIMARÃƒESğŸŒ»,Cinema & Actors/actresses,9.5M,Brazil,156.1K,257.6K
k_a_z_u_h_a__,KAZUHA of LE SSERAFIM,,2.8M,Indonesia,693K,862.9K
watanabenaomi703,æ¸¡è¾ºç›´ç¾ã€€Naomi watanabe,Cinema & Actors/actresses,9.9M,Japan,228.8K,243.9K
officialslystallone,Sly Stallone,Art/Artists,15.6M,United States,121.4K,153.4K
lizbethrodriguezoficial,Lizbeth Rodriguez,Shows,11.4M,Mexico,170.7K,207.5K
justsul,Just Sul,Humor & Fun & Happiness,6.2M,India,252.4K,384.8K
aliciakeys,Alicia Keys,Music,24.8M,United States,72.3K,96.8K
rockstargames,Rockstar Games,Cars & Motorbikes,24M,United States,79.8K,98.8K
marcinho11,Marco Reus,Sports with a ball,12.8M,Germany,135K,184.6K
casimiro,Casimiro Miguel,,4.1M,Brazil,331.9K,580.1K
scuderiaferrari,Scuderia Ferrari,Racing Sports,10.3M,Italy,168.8K,228.4K
dacremontgomery,Dacre Montgomery,Cinema & Actors/actresses,9.2M,United States,194.7K,260.3K
viavallen,Via Vallen,Music,27.8M,Indonesia,67.9K,84.6K
cemrebaysel,Cemre,Lifestyle,3.6M,Turkey,488.1K,656.1K
nickjonas,Nick Jonas,Music,33.5M,United States,49.3K,70.1K
sinavaliollah,Sina Valiollah,Shows,8M,Iran,237K,298.7K
juliopfernandez,J U L I O   P E Ã‘ A   F. D E Z,Art/Artists,3.3M,Brazil,567.3K,720.4K
strangehuman,nova,Lifestyle,4.6M,United States,371.8K,515.6K
labels.hybe,HYBE LABELS Updates,Shows,2.3M,India,891.1K,1M
torylanez,FARGOâ€™S CRAZY LIFE,Shows,11.9M,United States,85.1K,196K
earthpix,ğŸŒ  EarthPix  ğŸŒ,Nature & landscapes,23.3M,United States,77.3K,100.2K
thiago6,Thiago Alcantara,Sports with a ball,10.4M,United Kingdom,129.9K,222.7K
soycintiacossio,Cintia Cossio,Modeling,6M,Colombia,313.4K,390.6K
feat.dino,ì´ì°¬,Lifestyle,2.7M,South Korea,716.6K,876.4K
djokernole,Novak Djokovic,Sports with a ball,11.8M,United States,158.6K,197.5K
ravindra.jadeja,Ravindrasinh jadeja,Lifestyle,4.8M,India,388.9K,485.1K